"title","Price","Mileage.miles.","Registration_Year","Previous.Owners","Fuel.type","Body.type","Engine","Gearbox","Doors","Seats"
"Vauxhall Astra",3195,28408,2005,NA,"Petrol","Hatchback","1.6L","Manual",5,5
"BMW 3 SERIES",4695,82600,2010,3,"Diesel","Saloon","2.0L","Manual",4,5
"Volkswagen Golf",2500,131000,2001,NA,"Petrol","Hatchback","2.8L","Manual",5,5
"Vauxhall Corsa",10698,22782,2020,NA,"Petrol","Hatchback","1.2L","Manual",5,5
"Nissan Micra",2395,96195,2006,NA,"Petrol","Hatchback","1.4L","Automatic",5,5
"Hyundai i20",5799,69550,2016,NA,"Petrol","Coupe","1.2L","Manual",3,5
"Vauxhall Corsa",1850,88000,2009,4,"Petrol","Hatchback","1.2L","Manual",3,5
"Volkswagen Golf",4450,96866,2011,2,"Diesel","Hatchback","1.6L","Automatic",5,5
"BMW 3 Series",9599,89890,2013,5,"Petrol","Saloon","2.0L","Manual",4,5
"Honda Civic",1190,138000,2006,NA,"Petrol","Hatchback","1.8L","Manual",5,5
"Ford Fiesta",995,107767,2005,NA,"Petrol","Hatchback","1.3L","Manual",3,5
"Vauxhall Corsa",10698,22782,2020,NA,"Petrol","Hatchback","1.2L","Manual",5,5
"Renault Clio",2895,70100,2012,2,"Diesel","Hatchback","1.5L","Manual",3,5
"Ford Focus",10970,91000,2019,1,"Petrol","Hatchback","1.5L","Manual",5,5
"Volkswagen Polo",2595,102000,2010,2,"Diesel","Hatchback","1.6L","Manual",5,5
"Ford Fiesta",1290,119000,2004,6,"Petrol","Hatchback","1.4L","Manual",5,5
"Renault Clio",4895,81000,2013,6,"Petrol","Hatchback","1.2L","Manual",5,5
"BMW 3 Series",1999,137724,2006,NA,"Petrol","Coupe","2.5L","Automatic",2,4
"Vauxhall Corsa",12699,40105,2021,1,"Petrol","Hatchback","1.2L","Manual",5,5
"Mazda Mazda3",6550,82000,2014,NA,"Diesel","Saloon","2.2L","Manual",4,5
"Volkswagen Jetta",6698,61637,2013,NA,"Diesel","Saloon","2.0L","Manual",4,5
"SKODA Fabia",6900,70189,2016,3,"Diesel","Hatchback","1.4L","Manual",5,5
"Audi TT",3495,70000,2005,NA,"Petrol","Coupe","1.8L","Manual",2,4
"Audi A1",6995,80000,2013,NA,"Petrol","Hatchback","1.2L","Manual",3,4
"Citroen C3",2695,67000,2010,NA,"Petrol","Hatchback","1.1L","Manual",5,5
"Nissan Juke",11000,45462,2019,1,"Petrol","SUV","1.6L","Manual",5,5
"Vauxhall Astra",2500,71000,2008,NA,"Petrol","Hatchback","1.8L","Automatic",5,5
"SEAT Ibiza",2799,99061,2011,NA,"Petrol","Hatchback","1.2L","Manual",3,5
"SEAT Ibiza",4399,91804,2015,2,"Petrol","Estate","1.2L","Manual",5,5
"Ford Kuga",5790,128000,2014,NA,"Diesel","SUV","2.0L","Manual",5,5
"Peugeot 207",1299,87000,2008,5,"Diesel","Hatchback","1.6L","Manual",5,5
"Ford Focus",1095,143500,2011,4,"Diesel","Hatchback","1.6L","Manual",5,5
"Vauxhall Corsa",12999,17439,2020,1,"Petrol","Hatchback","1.2L","Manual",5,5
"Nissan Note",3995,31000,2011,3,"Diesel","Hatchback","1.5L","Manual",5,5
"Nissan Qashqai",3989,76000,2012,4,"Diesel","SUV","1.5L","Manual",5,5
"Vauxhall Antara",3289,79000,2012,NA,"Diesel","SUV","2.2L","Manual",5,5
"BMW X1",10500,82000,2014,NA,"Diesel","SUV","2.0L","Automatic",5,5
"Vauxhall Corsa",10698,22782,2020,NA,"Petrol","Hatchback","1.2L","Manual",5,5
"Toyota Yaris",1595,93000,2006,4,"Petrol","Hatchback","1.0L","Manual",3,5
"Citroen C4",1289,135000,2010,NA,"Diesel","Hatchback","1.6L","Manual",5,5
"Vauxhall Astra",990,74520,2007,NA,"Diesel","Hatchback","1.7L","Manual",5,5
"Volkswagen Polo",2499,102000,2008,4,"Petrol","Hatchback","1.4L","Manual",3,5
"Vauxhall Antara",7495,29000,2014,NA,"Diesel","SUV","2.2L","Manual",5,5
"Vauxhall Astra",2477,74000,2010,NA,"Petrol","Convertible","1.8L","Manual",2,4
"Peugeot 207",1990,81000,2012,4,"Petrol","Hatchback","1.4L","Manual",5,5
"Volkswagen CC",5995,136000,2014,2,"Diesel","Saloon","2.0L","Automatic",4,5
"Fiat Fullback",8388,155000,2016,2,"Diesel","Pickup","2.4L","Manual",4,5
"Vauxhall Corsa",2995,79011,2007,NA,"Petrol","Hatchback","1.4L","Manual",3,5
"Vauxhall Astra",2995,61038,2007,NA,"Petrol","Hatchback","1.6L","Manual",3,5
"Peugeot 308 SW",9600,56984,2016,4,"Diesel","Estate","1.6L","Manual",5,5
"Vauxhall Corsa",1695,75786,2008,3,"Petrol","Hatchback","1.4L","Manual",3,5
"Vauxhall Meriva",3100,61000,2011,2,"Petrol","MPV","1.4L","Manual",5,5
"Audi A3",2249,125000,2005,3,"Diesel","Hatchback","2.0L","Manual",5,5
"Mercedes-Benz C Class",1695,99000,2004,5,"Petrol","Saloon","1.8L","Automatic",4,5
"BMW 5 Series",4999,140000,2012,3,"Diesel","Estate","2.0L","Manual",5,5
"Chevrolet Cruze",2495,98000,2010,NA,"Petrol","Saloon","1.6L","Automatic",4,5
"Peugeot 207",2950,59000,2012,2,"Petrol","Hatchback","1.4L","Manual",3,5
"Ford Mondeo",1400,84000,1998,2,"Petrol","Saloon","2.0L","Automatic",4,5
"Vauxhall Astra",3480,101000,2016,1,"Petrol","Hatchback","1.4L","Manual",5,5
"Vauxhall Corsa",2995,79011,2007,NA,"Petrol","Hatchback","1.4L","Manual",3,5
"Vauxhall Corsa",3500,44360,2010,NA,"Petrol","Hatchback","1.2L","Manual",5,5
"Peugeot 207",2075,82013,2011,4,"Petrol","Hatchback","1.4L","Manual",5,5
"Mercedes-Benz CLK",2699,77000,2004,2,"Petrol","Coupe","1.8L","Automatic",2,4
"BMW 1 Series",6995,58264,2013,4,"Petrol","Hatchback","1.6L","Manual",5,5
"Ford Focus",2245,113000,2010,4,"Petrol","Hatchback","1.6L","Manual",5,5
"Toyota Yaris",2995,81224,2006,NA,"Petrol","Hatchback","1.0L","Manual",3,5
"Vauxhall Corsa",5250,76238,2016,NA,"Diesel","Hatchback","1.2L","Manual",5,5
"Ford Mondeo",6999,101100,2017,NA,"Diesel","Hatchback","1.5L","Manual",5,5
"Honda Legend",2499,79000,2001,NA,"Petrol","Saloon","3.5L","Automatic",4,5
"Mercedes-Benz A Class",15900,62402,2019,1,"Petrol","Hatchback","1.3L","Automatic",5,5
"Hyundai ix35",6995,90000,2015,NA,"Diesel","SUV","1.7L","Manual",5,5
"Vauxhall Astra",1490,87500,2007,4,"Petrol","Hatchback","1.6L","Manual",5,5
"Vauxhall Astra",2995,61038,2007,NA,"Petrol","Hatchback","1.6L","Manual",3,5
"Vauxhall Astra",1995,88000,2008,3,"Petrol","Hatchback","1.6L","Manual",5,5
"Volkswagen Polo",2995,68000,2008,5,"Petrol","Hatchback","1.2L","Manual",3,5
"Chrysler Ypsilon",2250,100000,2012,4,"Petrol","Hatchback","1.2L","Manual",5,5
"Renault Clio",2499,95000,2012,2,"Petrol","Hatchback","1.2L","Manual",3,5
"Volkswagen Beetle",3575,95000,2005,NA,"Petrol","Convertible","2.0L","Automatic",2,4
"Nissan Qashqai",14990,45774,2020,NA,"Petrol","SUV","1.3L","Automatic",5,5
"Toyota Aygo",4500,85500,2016,3,"Petrol","Hatchback","1.0L","Manual",3,4
"Vauxhall Corsa",3499,56285,2015,1,"Petrol","Hatchback","1.4L","Manual",5,5
"Renault Kangoo",2495,94000,2008,NA,"Petrol","MPV","1.2L","Manual",5,5
"Vauxhall Vectra",2250,52200,2007,NA,"Petrol","Hatchback","1.8L","Manual",5,5
"Vauxhall Corsa",2995,47988,2009,NA,"Petrol","Hatchback","1.2L","Manual",3,5
"Fiat Panda",1895,108000,2011,2,"Petrol","Hatchback","1.2L","Manual",5,4
"Mercedes-Benz CLK",3800,104000,2006,NA,"Petrol","Coupe","1.8L","Automatic",2,4
"KIA Picanto",4490,12500,2012,1,"Petrol","Hatchback","1.0L","Manual",3,5
"Fiat Panda",1700,94000,2009,3,"Petrol","Hatchback","1.2L","Manual",5,4
"Ford Focus",10970,91000,2019,1,"Petrol","Hatchback","1.5L","Manual",5,5
"KIA Ceed",6295,78000,2013,1,"Diesel","Hatchback","1.6L","Automatic",5,5
"BMW 3 Series",2999,77708,2001,7,"Petrol","Coupe","2.2L","Manual",2,5
"Honda Jazz",1895,77627,2007,5,"Petrol","Hatchback","1.4L","Manual",5,5
"Audi A4",2449,57000,2004,NA,"Petrol","Saloon","2.0L","Automatic",4,5
"Nissan Leaf",5390,60695,2014,NA,"Electric","Hatchback","","Automatic",5,5
"Land Rover Freelander 2",1995,85207,2011,1,"Diesel","SUV","2.2L","Manual",5,5
"Volkswagen Scirocco",3690,179000,2012,2,"Diesel","Hatchback","2.0L","Manual",3,4
"Peugeot 308 SW",9600,56984,2016,4,"Diesel","Estate","1.6L","Manual",5,5
"Peugeot 308",9149,55301,2016,NA,"Diesel","Hatchback","1.6L","Manual",5,5
"Hyundai I10",3990,50562,2012,2,"Petrol","Hatchback","1.2L","Manual",5,5
"MINI Hatch Cooper",7280,96000,2016,2,"Diesel","Hatchback","1.5L","Manual",3,4
"Citroen Xsara Picasso",1850,77000,2006,3,"Petrol","MPV","2.0L","Automatic",5,5
"Toyota Auris",4490,125998,2015,NA,"Petrol","Estate","1.3L","Manual",5,5
"Ford S-max",3950,75000,2006,NA,"Petrol","MPV","2.5L","Manual",5,7
"Citroen C4 Cactus",5550,72700,2015,2,"Diesel","Hatchback","1.6L","Manual",5,5
"Ford Fiesta",2490,106000,2010,NA,"Petrol","Hatchback","1.4L","Manual",5,5
"Nissan Qashqai+2",2989,140000,2010,2,"Petrol","SUV","1.6L","Manual",5,7
"Audi A5",9000,154983,2017,1,"Diesel","Hatchback","2.0L","Manual",5,5
"Peugeot 107",2995,63000,2011,NA,"Petrol","Hatchback","1.0L","Manual",5,4
"KIA RIO",7499,51234,2016,2,"Diesel","Hatchback","1.4L","Manual",5,5
"Nissan X-trail",2500,138000,2009,3,"Diesel","SUV","2.0L","Manual",5,5
"Volkswagen T-cross",17670,14385,2021,1,"Petrol","SUV","1.0L","Manual",5,5
"Vauxhall Astra GTC",3295,116000,2014,2,"Diesel","Coupe","2.0L","Manual",3,5
"BMW 3 Series",19800,69690,2019,1,"Petrol Plug-in Hybrid","Saloon","2.0L","Automatic",4,5
"Nissan Leaf",5390,60695,2014,NA,"Electric","Hatchback","","Automatic",5,5
"Jaguar XJ",8000,95000,2011,5,"Diesel","Saloon","3.0L","Automatic",NA,5
"SEAT Leon",4700,128386,2015,1,"Diesel","Hatchback","1.6L","Manual",3,5
"KIA Soul",2800,80000,2009,2,"Petrol","SUV","1.6L","Manual",5,5
"Mercedes-Benz C Class",2495,135000,2007,NA,"Diesel","Estate","2.1L","Automatic",5,5
"Ford C-max",7390,46760,2014,NA,"Diesel","MPV","1.6L","Manual",5,5
"Vauxhall Corsa",2995,79011,2007,NA,"Petrol","Hatchback","1.4L","Manual",3,5
"Volkswagen Polo",5950,71000,2013,2,"Petrol","Hatchback","1.4L","Manual",3,5
"Volkswagen Golf",3050,158000,2009,4,"Petrol","Hatchback","1.4L","Automatic",5,5
"Audi A4",4250,182000,2014,2,"Diesel","Saloon","2.0L","Automatic",4,5
"SKODA Superb",7750,87000,2014,NA,"Diesel","Estate","2.0L","Manual",5,5
"Peugeot 308",9149,55301,2016,NA,"Diesel","Hatchback","1.6L","Manual",5,5
"Mazda Mazda2",7499,41200,2016,NA,"Petrol","Hatchback","1.5L","Manual",5,5
"Peugeot 206",999,128000,2004,NA,"Petrol","Hatchback","1.1L","Manual",5,5
"Peugeot 308 SW",9600,56984,2016,4,"Diesel","Estate","1.6L","Manual",5,5
"Vauxhall Insignia Sports Tourer",14495,40243,2017,2,"Diesel","Estate","2.0L","Manual",5,5
"Vauxhall Astra",4999,60139,2015,2,"Petrol","Hatchback","1.6L","Manual",5,5
"MINI Hatch",3095,95729,2009,NA,"Petrol","Hatchback","1.6L","Manual",3,4
"Nissan Leaf",5390,60695,2014,NA,"Electric","Hatchback","","Automatic",5,5
"Ford Focus",2495,90000,2003,2,"Petrol","Hatchback","2.0L","Automatic",5,5
"Volkswagen Golf",4599,70000,2009,2,"Petrol","Hatchback","1.4L","Manual",5,5
"Fiat 500",3745,81000,2012,NA,"Petrol","Hatchback","1.2L","Manual",3,4
"Volkswagen Polo",1895,87100,2005,5,"Petrol","Hatchback","1.2L","Manual",3,5
"Audi Q3",8995,103200,2014,NA,"Diesel","SUV","2.0L","Automatic",5,5
"Mercedes-Benz CLK",2000,139571,2009,NA,"Petrol","Coupe","1.8L","Automatic",2,4
"Nissan Qashqai",3995,99141,2012,2,"Petrol","SUV","1.6L","Manual",5,5
"Volkswagen Beetle",2250,129111,2004,NA,"Petrol","Convertible","2.0L","Manual",2,4
"Ford Focus",2950,105000,2011,NA,"Petrol","Hatchback","1.6L","Manual",5,5
"Mercedes-Benz A Class",15900,62402,2019,1,"Petrol","Hatchback","1.3L","Automatic",5,5
"BMW 3 Series",2495,113000,2009,6,"Petrol","Saloon","2.0L","Manual",4,5
"Chevrolet Captiva",2495,93000,2008,3,"Petrol","SUV","2.4L","Manual",5,5
"Ford Focus",1695,100000,2007,NA,"Petrol","Hatchback","1.6L","Manual",5,5
"MINI Hatch",5995,94000,2015,NA,"Petrol","Hatchback","1.5L","Manual",3,4
"Vauxhall Corsa",12000,20413,2020,NA,"Petrol","Hatchback","1.2L","Manual",5,5
"Fiat 500",4250,78033,2015,1,"Petrol","Hatchback","1.2L","Manual",3,4
"Vauxhall Corsa",13995,6461,2020,1,"Petrol","Hatchback","1.2L","Manual",5,5
"Mercedes-Benz C Class",5250,121700,2013,5,"Petrol","Coupe","1.6L","Automatic",2,4
"Volkswagen Golf",2950,98207,2007,4,"Petrol","Hatchback","1.6L","Automatic",5,5
"KIA Sportage",8490,50000,2014,1,"Petrol","SUV","1.6L","Manual",5,5
"Ford Focus",10970,91000,2019,1,"Petrol","Hatchback","1.5L","Manual",5,5
"Nissan Micra",6550,104000,2017,2,"Diesel","Hatchback","1.5L","Manual",5,5
"KIA Ceed",5995,103000,2016,4,"Diesel","Estate","1.6L","Manual",5,5
"Audi A1",11995,46450,2013,NA,"Petrol","Hatchback","1.4L","Automatic",5,5
"Ssangyong Korando",12995,42771,2018,2,"Diesel","SUV","2.2L","Automatic",5,5
"Citroen Xsara Picasso",995,110000,2007,3,"Diesel","MPV","1.6L","Manual",5,5
"Nissan Juke",4225,108600,2013,1,"Petrol","SUV","1.6L","Manual",5,5
"Vauxhall Corsa",3495,71844,2012,3,"Petrol","Hatchback","1.4L","Manual",5,5
"Peugeot 206 CC",1489,93000,2005,NA,"Petrol","Convertible","1.6L","Automatic",2,4
"Hyundai i20",2945,88000,2012,3,"Petrol","Hatchback","1.2L","Manual",5,5
"Vauxhall Adam",5695,64337,2014,2,"Petrol","Hatchback","1.4L","Manual",3,4
"Mazda Mazda6",6400,86000,2013,5,"Diesel","Saloon","2.2L","Manual",4,5
"Vauxhall Astra",3995,75000,2013,NA,"Petrol","Hatchback","1.6L","Manual",5,5
"Audi A4",7990,80000,2012,NA,"Petrol","Saloon","1.8L","Manual",4,5
"Vauxhall Adam",7695,71000,2015,3,"Petrol","Hatchback","1.4L","Manual",3,4
"BMW X1",6500,99000,2011,2,"Diesel","SUV","2.0L","Automatic",5,5
"Ford Fiesta",999,99000,2004,NA,"Petrol","Hatchback","1.4L","Manual",3,5
"Mercedes-Benz C Class",2495,135000,2007,NA,"Diesel","Estate","2.1L","Automatic",5,5
"KIA Stonic",18750,12875,2022,NA,"Petrol Hybrid","SUV","1.0L","Manual",5,5
"Vauxhall Insignia",2950,79000,2011,4,"Petrol","Hatchback","1.8L","Manual",5,5
"Nissan Qashqai Diesel Hatchback",11964,56754,2016,1,"Diesel","SUV","1.5L","Manual",5,5
"Volkswagen Polo",3495,127000,2015,NA,"Petrol","Hatchback","1.0L","Manual",3,5
"Volkswagen Polo",895,117850,2008,4,"Petrol","Hatchback","1.2L","Manual",3,5
"SKODA Fabia",2495,124138,2011,3,"Petrol","Hatchback","1.2L","Automatic",5,5
"Toyota Yaris",750,161000,1999,8,"Petrol","Hatchback","1.3L","Manual",3,5
"Peugeot 208",5530,58700,2017,2,"Petrol","Hatchback","1.2L","Manual",5,5
"SKODA Fabia",3995,75846,2008,NA,"Petrol","Hatchback","1.6L","Automatic",5,5
"Nissan Qashqai+2",2500,94932,2009,2,"Diesel","SUV","2.0L","Manual",5,7
"Vauxhall Astra",2495,75000,2006,2,"Petrol","Hatchback","1.8L","Automatic",5,5
"Renault Grand Scenic",2500,65500,2010,3,"Diesel","MPV","1.5L","Manual",5,7
"Vauxhall Corsa",13998,28045,2020,NA,"Electric","Hatchback","","Automatic",5,5
"Vauxhall Corsa",13999,13451,2021,1,"Petrol","Hatchback","1.2L","Manual",5,5
"Vauxhall Astra",2500,136842,2014,1,"Diesel","Estate","1.6L","Manual",5,5
"Ford Kuga Diesel Hatchback",8650,65684,2015,1,"Diesel","SUV","2.0L","Manual",5,5
"Ford Fiesta",7695,44500,2016,NA,"Petrol","Hatchback","1.3L","Manual",3,5
"MINI Hatch",9299,58700,2013,2,"Petrol","Hatchback","1.6L","Manual",3,4
"Vauxhall Astra",2500,136842,2014,1,"Diesel","Estate","1.6L","Manual",5,5
"BMW 2 Series",17599,26607,2019,NA,"Petrol","Coupe","1.5L","Automatic",2,4
"BMW X3 Series",28240,45155,2019,1,"Diesel","SUV","2.0L","Automatic",5,5
"Vauxhall Zafira",1500,77175,2006,3,"Petrol","MPV","1.8L","Manual",5,7
"Honda Cr-z",5200,107000,2011,7,"Petrol Hybrid","Coupe","1.5L","Manual",3,4
"Fiat 500C",7990,20295,2015,NA,"Petrol","Convertible","1.2L","Manual",2,4
"Renault Scenic",1999,125000,2012,2,"Petrol","MPV","1.6L","Manual",5,5
"BMW 1 Series",6795,80000,2013,NA,"Petrol","Hatchback","1.6L","Manual",3,5
"Toyota Aygo",1995,57213,2011,2,"Petrol","Hatchback","1.0L","Manual",5,4
"Mitsubishi Outlander",795,98000,2012,5,"Diesel","SUV","2.2L","Manual",5,7
"Audi A4",7990,80000,2012,NA,"Petrol","Saloon","1.8L","Manual",4,5
"Mazda MX-5",6989,27758,2009,2,"Petrol","Convertible","2.0L","Automatic",2,2
"Nissan Murano",4950,118000,2010,NA,"Petrol","SUV","3.5L","Automatic",5,5
"Toyota Avensis",1599,115000,2004,5,"Petrol","Hatchback","1.8L","Manual",5,5
"Peugeot 207",999,111400,2007,2,"Diesel","Hatchback","1.6L","Manual",5,5
"Mazda Mazda3",2295,63000,2008,NA,"Petrol","Saloon","1.6L","Manual",4,5
"Hyundai i10",2495,68100,2011,5,"Petrol","Hatchback","1.2L","Manual",5,5
"Hyundai Tucson",12500,45540,2018,1,"Petrol","SUV","1.6L","Manual",5,5
"Vauxhall Insignia",2950,79000,2011,4,"Petrol","Hatchback","1.8L","Manual",5,5
"Honda Jazz",5395,50213,2011,2,"Petrol","Hatchback","1.3L","Manual",5,5
"Audi A5 Cabriolet",15990,67000,2018,2,"Petrol","Convertible","2.0L","Manual",2,4
"BMW 5 SERIES",12995,59879,2013,1,"Petrol","Saloon","2.0L","Automatic",4,5
"Renault Clio",11890,49908,2021,NA,"Petrol","Hatchback","1.0L","Manual",5,5
"Ford Focus",2950,105000,2011,NA,"Petrol","Hatchback","1.6L","Manual",5,5
"Honda Jazz",2195,150000,2005,NA,"Petrol","Hatchback","1.3L","Automatic",5,5
"Fiat Panda",3195,57000,2011,3,"Petrol","Hatchback","1.2L","Manual",5,4
"Fiat 500",6800,32400,2014,2,"Petrol","Hatchback","1.2L","Manual",3,4
"Vauxhall Tigra",1490,85556,2006,3,"Petrol","Convertible","1.4L","Manual",2,2
"Volkswagen Polo",2000,112638,2008,2,"Petrol","Hatchback","1.2L","Manual",5,5
"Vauxhall Corsa",1995,69400,2006,NA,"Petrol","Hatchback","1.2L","Manual",3,5
"Volkswagen Scirocco",3750,99000,2010,3,"Petrol","Hatchback","1.4L","Manual",3,4
"Volkswagen Polo",2495,149000,2010,1,"Diesel","Hatchback","1.2L","Manual",5,5
"Vauxhall Vectra",3295,93000,2007,NA,"Petrol","Hatchback","2.8L","Manual",5,5
"Vauxhall Corsa",2000,110000,2013,NA,"Petrol","Hatchback","1.2L","Manual",5,5
"Ford Focus",1895,109000,2009,NA,"Petrol","Hatchback","","Manual",5,5
"Toyota Prius",4795,93000,2008,2,"Petrol Hybrid","Hatchback","1.5L","Automatic",5,5
"Ford Focus",7499,59300,2016,3,"Petrol","Hatchback","1.0L","Manual",5,5
"Vauxhall Astra GTC",5995,76000,2014,3,"Diesel","Coupe","","Manual",NA,NA
"Ford Focus",1200,95000,2009,3,"Diesel","Hatchback","1.8L","Manual",5,5
"Volkswagen Polo",2495,149000,2010,1,"Diesel","Hatchback","1.2L","Manual",5,5
"Vauxhall Corsa",2250,82000,2010,NA,"Petrol","Hatchback","1.4L","Manual",5,5
"Renault Scenic",4695,90000,2015,2,"Petrol","MPV","1.2L","Manual",5,5
"Vauxhall Astra",1995,93101,2008,6,"Petrol","Hatchback","1.6L","Manual",5,5
"Hyundai i30",1999,105000,2010,7,"Petrol","Hatchback","1.4L","Manual",5,5
"Hyundai i30",1750,130000,2010,4,"Petrol","Hatchback","1.4L","Manual",5,5
"Nissan Micra",7995,43000,2013,NA,"Petrol","Hatchback","1.2L","Automatic",5,5
"Ford Kuga",14495,43841,2019,1,"Petrol","SUV","1.5L","Manual",5,5
"Ford KA+",9999,19455,2018,5,"Petrol","Hatchback","1.2L","Manual",5,5
"Volkswagen Golf",2485,77720,2006,NA,"Petrol","Hatchback","1.4L","Manual",3,5
"Nissan Qashqai",6399,92016,2014,4,"Petrol","SUV","1.2L","Manual",5,5
"Vauxhall Astra GTC",4250,77700,2014,4,"Petrol","Coupe","1.4L","Manual",3,5
"MG MG6",3245,55000,2012,NA,"Petrol","Hatchback","1.8L","Manual",5,5
"Maserati Ghibli",13900,63000,2014,5,"Diesel","Saloon","3.0L","Automatic",4,5
"Ford Focus",798,140599,2008,NA,"Petrol","Hatchback","1.6L","Manual",5,5
"Vauxhall Astra",5990,92244,2015,NA,"Diesel","Estate","1.3L","Manual",5,5
"Peugeot 207",1699,92000,2009,3,"Petrol","Hatchback","1.4L","Manual",5,5
"BMW 3 Series",2500,111563,2006,2,"Diesel","Estate","2.0L","Manual",5,5
"Vauxhall Corsa",12000,18992,2020,NA,"Petrol","Hatchback","1.2L","Manual",5,5
"Vauxhall Corsa",2995,47988,2009,NA,"Petrol","Hatchback","1.2L","Manual",3,5
"BMW 3 Series",3989,75890,2004,5,"Petrol","Convertible","2.0L","Automatic",2,4
"Audi A3",6345,86000,2013,NA,"Petrol","Hatchback","1.4L","Manual",3,5
"SKODA Octavia",9895,79147,2018,1,"Diesel","Estate","1.6L","Manual",5,5
"Mazda MX-5",799,131848,2004,4,"Petrol","Convertible","1.8L","Manual",2,2
"Vauxhall Corsa",5000,75300,2016,2,"Petrol","Hatchback","1.4L","Manual",3,5
"Mercedes-Benz C Class",8990,80429,2012,5,"Petrol","Coupe","1.6L","Automatic",2,4
"Vauxhall Corsa",1699,67000,2006,5,"Petrol","Hatchback","1.2L","Manual",5,5
"MINI Hatch",1250,143000,2004,NA,"Petrol","Hatchback","1.6L","Manual",3,4
"Peugeot 207",2175,84000,2010,NA,"Petrol","Hatchback","1.4L","Manual",5,5
"Citroen C3",10998,22506,2019,2,"Petrol","Hatchback","1.2L","Manual",5,5
"Ford Focus",2495,60000,2007,2,"Petrol","Hatchback","1.6L","Manual",5,5
"Ford Focus C-max",700,91617,2007,NA,"Petrol","MPV","1.6L","Manual",5,5
"Ford Fiesta",3250,85000,2009,3,"Petrol","Hatchback","1.3L","Manual",5,5
"Nissan Leaf",5390,60695,2014,NA,"Electric","Hatchback","","Automatic",5,5
"Ford Fiesta",4950,71898,2014,2,"Petrol","Hatchback","1.0L","Manual",3,5
"Ford Focus",1499,113187,2008,2,"Petrol","Hatchback","1.6L","Manual",5,5
"Ford Fiesta",2490,42800,2007,NA,"Petrol","Hatchback","1.2L","Manual",3,5
"Renault Clio",14499,24424,2022,1,"Petrol","Hatchback","1.0L","Manual",5,5
"Vauxhall Zafira",3995,79980,2010,2,"Diesel","MPV","1.9L","Automatic",5,7
"Ford Focus",798,140599,2008,NA,"Petrol","Hatchback","1.6L","Manual",5,5
"Toyota Yaris",2995,81224,2006,NA,"Petrol","Hatchback","1.0L","Manual",3,5
"BMW 3 Series",5995,55000,2010,NA,"Petrol","Convertible","2.0L","Manual",2,4
"SEAT Ibiza",2620,78497,2010,4,"Petrol","Hatchback","1.2L","Manual",3,5
"KIA Picanto",2500,59000,2009,1,"Petrol","Hatchback","1.1L","Manual",5,4
"Vauxhall Corsa",1850,93000,2009,4,"Petrol","Hatchback","1.4L","Manual",5,5
"Mazda 3",13495,24008,2018,2,"Diesel","Saloon","2.2L","Manual",4,5
"Vauxhall Insignia",1999,120000,2010,3,"Diesel","Estate","2.0L","Automatic",5,5
"Fiat 500L",7750,28500,2015,3,"Diesel","MPV","1.3L","Manual",5,5
"Dacia Sandero Stepway",6793,39000,2017,3,"Diesel","Hatchback","1.5L","Manual",5,5
"Ford Streetka",1000,78715,2003,NA,"Petrol","Convertible","1.6L","Manual",2,2
"Vauxhall Corsa",10361,46625,2020,3,"Petrol","Hatchback","1.2L","Manual",5,5
"Nissan Almera Tino",990,93000,2004,3,"Petrol","MPV","1.8L","Manual",5,5
"Peugeot 308 SW",9600,56984,2016,4,"Diesel","Estate","1.6L","Manual",5,5
"Honda Jazz",4295,62427,2009,NA,"Petrol","Hatchback","1.3L","Manual",5,5
"Fiat 500",2500,64000,2013,7,"Petrol","Hatchback","1.2L","Manual",3,4
"Vauxhall Astra",7940,85887,2017,NA,"Petrol","Hatchback","1.4L","Manual",5,5
"MINI Hatch",1990,83000,2007,7,"Petrol","Hatchback","1.6L","Manual",3,4
"Vauxhall Corsa",4500,75474,2014,1,"Diesel","Hatchback","1.3L","Manual",3,5
"Nissan Juke",11000,45462,2019,1,"Petrol","SUV","1.6L","Manual",5,5
"Hyundai i40",6860,60000,2015,NA,"Diesel","Estate","1.7L","Manual",5,5
"KIA Picanto",4970,65400,2015,NA,"Petrol","Hatchback","1.0L","Manual",5,5
"Vauxhall Mokka X",10899,41729,2019,2,"Petrol","SUV","1.4L","Manual",5,5
"KIA Sportage",10198,50028,2016,NA,"Petrol","SUV","1.6L","Manual",5,5
"Vauxhall Corsa",3295,71000,2012,3,"Petrol","Hatchback","1.2L","Manual",3,5
"Fiat 500C",5750,67601,2010,NA,"Petrol","Convertible","1.4L","Automatic",2,4
"Vauxhall Corsa",2695,53000,2009,NA,"Petrol","Hatchback","1.2L","Manual",5,5
"KIA Sportage",10198,50028,2016,NA,"Petrol","SUV","1.6L","Manual",5,5
"Mitsubishi Colt",995,101078,2007,NA,"Petrol","Hatchback","1.5L","Manual",3,5
"Vauxhall Antara",3240,86101,2013,3,"Diesel","SUV","2.2L","Automatic",5,5
"Peugeot 207",999,111400,2007,2,"Diesel","Hatchback","1.6L","Manual",5,5
"Volkswagen Golf",1995,120000,2004,6,"Petrol","Hatchback","2.0L","Manual",3,5
"Renault Megane",6990,43200,2015,2,"Petrol","Convertible","1.2L","Manual",2,4
"Volkswagen Jetta Diesel Saloon",6136,68521,2013,2,"Diesel","Saloon","1.6L","Manual",4,5
"Peugeot 308 SW",9600,56984,2016,4,"Diesel","Estate","1.6L","Manual",5,5
"Mercedes-Benz A Class",17899,55461,2019,2,"Petrol","Hatchback","1.3L","Manual",5,5
"Ford Fiesta",2490,59811,2007,2,"Petrol","Hatchback","1.3L","Manual",3,5
"Alfa Romeo Mito",2495,81710,2010,NA,"Petrol","Hatchback","1.4L","Manual",3,4
"Honda Civic",2995,104068,2010,NA,"Petrol","Hatchback","1.4L","Manual",5,5
"Mazda MAZDA 2",6950,64818,2016,2,"Petrol","Hatchback","1.5L","Manual",5,5
"Honda Accord",2495,104000,2003,4,"Petrol","Saloon","2.0L","Automatic",4,5
"Ford Focus",7250,57000,2014,3,"Petrol","Hatchback","1.6L","Automatic",5,5
"Audi A4",7990,80000,2012,NA,"Petrol","Saloon","1.8L","Manual",4,5
"Ford Focus",2795,82000,2010,3,"Diesel","Hatchback","1.6L","Manual",5,5
"Ford Fiesta",2490,42800,2007,NA,"Petrol","Hatchback","1.2L","Manual",3,5
"Peugeot 407",995,144100,2007,4,"Diesel","Saloon","2.0L","Manual",4,5
"Nissan Leaf",5390,60695,2014,NA,"Electric","Hatchback","","Automatic",5,5
"Rover 45",2495,24000,2004,NA,"Petrol","Saloon","1.8L","Automatic",4,5
"Volvo V50",1595,148642,2012,2,"Diesel","Estate","1.6L","Manual",5,5
"Vauxhall Corsa",10698,22782,2020,NA,"Petrol","Hatchback","1.2L","Manual",5,5
"Vauxhall Corsa",5995,64992,2015,NA,"Petrol","Hatchback","1.4L","Manual",3,5
"MINI Hatch",6995,70752,2010,NA,"Petrol","Hatchback","1.6L","Manual",3,4
"Hyundai Coupe",800,124196,2007,3,"Petrol","Coupe","2.0L","Manual",3,4
"Toyota Aygo",1795,110000,2006,4,"Petrol","Hatchback","1.0L","Manual",5,4
"Ford Fiesta",3990,100000,2012,3,"Petrol","Hatchback","1.3L","Manual",5,5
"BMW 1 Series",10895,74000,2015,NA,"Diesel","Hatchback","2.0L","Manual",5,5
"Volkswagen Jetta",2299,97000,2008,NA,"Diesel","Saloon","2.0L","Manual",4,5
"Toyota Aygo",10700,16420,2019,NA,"Petrol","Hatchback","1.0L","Manual",5,4
"Vauxhall Corsa",2499,75000,2010,2,"Petrol","Hatchback","1.0L","Manual",3,5
"Jaguar XF",3494,146000,2015,NA,"Diesel","Saloon","2.0L","Automatic",4,5
"BMW 3 Series",1389,80000,2000,NA,"Petrol","Saloon","1.9L","Manual",4,5
"Ford Focus",8975,86500,2017,NA,"Diesel","Hatchback","1.5L","Manual",5,5
"Ford Focus",10970,91000,2019,1,"Petrol","Hatchback","1.5L","Manual",5,5
"Mazda Mazda2",2495,59000,2009,2,"Petrol","Hatchback","1.5L","Manual",3,5
"Land Rover Range Rover Evoque",14995,58500,2013,NA,"Petrol","Coupe","2.0L","Automatic",3,4
"Toyota IQ",3495,85489,2009,NA,"Petrol","Hatchback","1.3L","Manual",3,4
"BMW 1 Series",2950,81000,2008,4,"Petrol","Hatchback","1.6L","Manual",5,5
"Fiat 500C",3995,87986,2010,NA,"Petrol","Convertible","1.2L","Manual",2,4
"Ford Fiesta",3985,95601,2015,NA,"Petrol","Hatchback","1.3L","Manual",3,5
"Mazda Mazda6",6800,87898,2013,1,"Diesel","Estate","2.2L","Manual",5,5
"Volkswagen CC",6999,62000,2012,3,"Diesel","Saloon","2.0L","Automatic",4,5
"Ford Fiesta",3130,127910,2015,4,"Diesel","Hatchback","1.5L","Manual",5,5
"Toyota Yaris",13000,51179,2019,1,"Petrol Hybrid","Hatchback","1.5L","Automatic",5,5
"Peugeot RCZ",8990,46284,2014,NA,"Petrol","Coupe","1.6L","Automatic",2,4
"Mazda Mazda3",5495,43000,2011,2,"Diesel","Hatchback","1.6L","Manual",5,5
"Ford Focus",2950,105000,2011,NA,"Petrol","Hatchback","1.6L","Manual",5,5
"Vauxhall Corsa",1270,136000,2008,NA,"Petrol","Hatchback","1.2L","Manual",5,5
"Vauxhall Corsa",2195,88802,2007,NA,"Petrol","Hatchback","1.4L","Manual",3,5
"BMW X5",2275,115000,2002,6,"Diesel","SUV","3.0L","Automatic",5,5
"BMW 1 SERIES",7850,74000,2013,2,"Diesel","Hatchback","2.0L","Manual",5,5
"Ford Fiesta",5480,73623,2014,1,"Petrol","Hatchback","1.0L","Manual",5,5
"Land Rover Freelander 2",4495,148000,2011,4,"Diesel","SUV","2.2L","Manual",5,5
"Renault Captur",5498,50600,2014,2,"Petrol","SUV","0.9L","Manual",5,5
"Volvo V50",2495,85000,2006,4,"Diesel","Estate","2.0L","Manual",5,5
"Suzuki Liana",975,86095,2003,4,"Petrol","Saloon","1.6L","Manual",4,5
"Citroen C3",4700,50000,2013,NA,"Diesel","Hatchback","1.4L","Manual",5,5
"Peugeot 308",2995,105000,2011,3,"Diesel","Hatchback","1.6L","Automatic",5,5
"Volkswagen T-cross",17670,14385,2021,1,"Petrol","SUV","1.0L","Manual",5,5
"Suzuki Vitara",9699,53150,2017,2,"Petrol","SUV","1.6L","Manual",5,5
"KIA Sportage",10198,50028,2016,NA,"Petrol","SUV","1.6L","Manual",5,5
"Mercedes-Benz B Class",5995,78000,2013,NA,"Diesel","MPV","1.8L","Automatic",5,5
"Volvo V40",8795,58000,2015,1,"Petrol","Hatchback","1.6L","Manual",5,5
"KIA RIO",2990,26000,2010,1,"Petrol","Hatchback","1.4L","Manual",5,5
"Volkswagen Passat",4690,104930,2011,3,"Diesel","Saloon","2.0L","Automatic",4,5
"BMW X1",10295,119000,2015,3,"Diesel","SUV","2.0L","Manual",5,5
"KIA Xceed Hatchback",18499,4000,2021,1,"Petrol","SUV","1.0L","Manual",5,5
"Renault Captur",9994,40411,2018,2,"Petrol","SUV","0.9L","Manual",5,5
"Citroen DS4",2700,97385,2013,4,"Petrol","Hatchback","1.6L","Manual",5,5
"Volkswagen Golf",13995,52000,2018,NA,"Petrol","Hatchback","1.4L","Automatic",5,5
"Vauxhall Tigra",999,77000,2005,3,"Petrol","Convertible","1.4L","Manual",2,2
"Hyundai ix35",4280,105000,2012,NA,"Petrol","SUV","1.6L","Manual",5,5
"Renault Megane",2495,106000,2012,3,"Diesel","Coupe","1.5L","Manual",3,5
"Toyota Yaris",2995,81224,2006,NA,"Petrol","Hatchback","1.0L","Manual",3,5
"Audi A1",7950,89484,2012,5,"Petrol","Hatchback","1.4L","Automatic",5,5
"Ford Focus",10970,91000,2019,1,"Petrol","Hatchback","1.5L","Manual",5,5
"Volkswagen Beetle",1790,72370,2006,3,"Petrol","Hatchback","1.4L","Manual",3,4
"Subaru Outback",4995,126000,2011,3,"Petrol","Estate","2.5L","Automatic",5,5
"Toyota RAV4",3495,87738,2006,NA,"Petrol","SUV","2.0L","Manual",5,5
"Ford B-max",4950,61000,2013,2,"Petrol","MPV","1.0L","Manual",5,5
"Alfa Romeo 159",2489,68000,2008,2,"Diesel","Saloon","2.4L","Automatic",4,5
"Fiat 500",5999,45000,2015,2,"Petrol","Hatchback","1.2L","Manual",3,4
"Peugeot 207",2495,104000,2009,NA,"Petrol","Hatchback","1.6L","Automatic",5,5
"Audi A3",2395,148000,2007,6,"Diesel","Hatchback","2.0L","Automatic",5,5
"Vauxhall Insignia",3999,93379,2013,3,"Petrol","Hatchback","1.8L","Manual",5,5
"Chrysler 300C",3495,109000,2006,NA,"Petrol","Saloon","3.5L","Automatic",4,5
"Audi A5 DIESEL COUPE",16555,68603,2017,1,"Diesel","Coupe","2.0L","Automatic",2,4
"Honda Jazz",3995,69920,2007,NA,"Petrol","Hatchback","1.4L","Automatic",5,5
"Vauxhall Astra",2150,72000,2008,3,"Petrol","Hatchback","1.4L","Manual",5,5
"Mercedes-Benz CLS",3995,84000,2005,4,"Petrol","Saloon","5.0L","Automatic",4,4
"Audi A1",3890,137000,2011,3,"Petrol","Hatchback","1.4L","Manual",3,5
"Vauxhall Vectra",1799,69200,2007,4,"Petrol","Hatchback","1.8L","Manual",5,5
"BMW 5 Series",2000,125000,2006,5,"Petrol","Saloon","2.5L","Manual",4,5
"BMW X3",5595,96541,2009,1,"Diesel","SUV","2.0L","Automatic",5,5
"MINI Hatch",11999,33156,2018,1,"Petrol","Hatchback","1.5L","Manual",5,5
"Jaguar XF",6750,113000,2010,3,"Diesel","Saloon","3.0L","Automatic",4,5
"Mazda CX-3",8495,55400,2015,3,"Diesel","SUV","1.5L","Manual",5,5
"Vauxhall Corsa",10698,22782,2020,NA,"Petrol","Hatchback","1.2L","Manual",5,5
"Ford Focus",8975,86500,2017,NA,"Diesel","Hatchback","1.5L","Manual",5,5
"Honda Accord",5000,118000,2009,NA,"Petrol","Saloon","2.4L","Automatic",4,5
"Volkswagen Jetta",6698,61637,2013,NA,"Diesel","Saloon","2.0L","Manual",4,5
"Renault Megane",2495,97000,2012,3,"Diesel","Hatchback","1.5L","Manual",5,5
"MINI Convertible",3995,84617,2010,4,"Petrol","Convertible","1.6L","Manual",2,4
"Volkswagen Polo",3495,127000,2015,NA,"Petrol","Hatchback","1.0L","Manual",3,5
"Mazda 3",2495,100305,2008,NA,"Petrol","Hatchback","1.6L","Manual",5,5
"Volkswagen Scirocco",5950,87000,2008,1,"Petrol","Hatchback","2.0L","Automatic",3,4
"Vauxhall Astra",3950,56800,2015,4,"Diesel","Hatchback","1.7L","Manual",NA,5
"Alfa Romeo 159",2420,86400,2009,5,"Diesel","Saloon","1.9L","Manual",4,5
"SKODA Superb",695,160000,2004,NA,"Diesel","Saloon","1.9L","Automatic",4,5
"Land Rover Range Rover Sport",3999,132000,2007,NA,"Diesel","SUV","2.7L","Automatic",5,5
"Volkswagen T-cross",17670,14385,2021,1,"Petrol","SUV","1.0L","Manual",5,5
"Peugeot 308",9149,55301,2016,NA,"Diesel","Hatchback","1.6L","Manual",5,5
"Fiat 500",2595,48000,2010,4,"Petrol","Hatchback","1.2L","Manual",3,4
"Volkswagen Lupo",1750,86336,2000,3,"Petrol","Hatchback","1.4L","Manual",3,4
"Fiat Punto",2000,110000,2012,NA,"Petrol","Hatchback","1.4L","Manual",3,5
"Mercedes-Benz A Class",15900,62402,2019,1,"Petrol","Hatchback","1.3L","Automatic",5,5
"BMW X5",4450,135000,2004,1,"Diesel","SUV","3.0L","Automatic",5,5
"Audi A4",7990,80000,2012,NA,"Petrol","Saloon","1.8L","Manual",4,5
"Mazda Mazda2",2000,114000,2011,5,"Petrol","Hatchback","1.3L","Manual",5,5
"Volkswagen T-cross",17670,14385,2021,1,"Petrol","SUV","1.0L","Manual",5,5
"Renault Clio",6500,51000,2015,4,"Diesel","Hatchback","1.5L","Manual",5,5
"Mercedes-Benz E Class",7995,61000,2013,2,"Diesel","Coupe","2.1L","Automatic",2,4
"Volkswagen Golf",2495,147000,2011,4,"Petrol","Hatchback","1.2L","Manual",3,5
"Vauxhall Zafira",1295,136250,2006,2,"Diesel","MPV","1.9L","Manual",5,7
"Nissan Pathfinder",3000,135607,2006,5,"Diesel","SUV","2.5L","Automatic",5,7
"Mercedes-Benz S Class",4769,207734,2012,NA,"Diesel","Saloon","3.0L","Automatic",4,5
"Ford Focus",11225,57727,2017,2,"Petrol","Hatchback","1.0L","Automatic",5,5
"Nissan Juke",5990,69000,2013,2,"Petrol","SUV","1.6L","Manual",5,5
"Vauxhall Astra",3689,45000,2009,NA,"Petrol","Hatchback","1.8L","Automatic",5,5
"Toyota Yaris",13000,51179,2019,1,"Petrol Hybrid","Hatchback","1.5L","Automatic",5,5
"Ford C-max",3490,97000,2008,NA,"Diesel","MPV","1.6L","Manual",5,5
"Saab 9-3",2000,138000,2008,6,"Petrol","Saloon","2.0L","Automatic",4,5
"Volkswagen Passat",6995,140735,2015,2,"Diesel","Estate","2.0L","Manual",5,5
"Jaguar XE",7499,91000,2015,2,"Diesel","Saloon","2.0L","Manual",4,5
"MINI Hatch",2695,69000,2005,NA,"Petrol","Hatchback","1.6L","Manual",3,4
"Volkswagen UP",6750,55559,2023,NA,"Petrol","Hatchback","1.0L","Manual",5,4
"Vauxhall Insignia",2950,79000,2011,4,"Petrol","Hatchback","1.8L","Manual",5,5
"KIA Optima",4800,138676,2013,3,"Diesel","Saloon","1.7L","Automatic",4,5
"Toyota Corolla",14599,21650,2019,2,"Petrol","Hatchback","1.2L","Manual",5,5
"Citroen C3 AIRCROSS",9500,49047,2018,2,"Diesel","SUV","1.6L","Manual",5,5
"Vauxhall Astra",4300,71000,2012,3,"Petrol","Estate","1.6L","Manual",5,5
"Peugeot 208",12802,42349,2021,2,"Petrol","Hatchback","1.2L","Manual",5,5
"Ford Kuga",7646,65000,2011,6,"Diesel","SUV","2.0L","Manual",5,5
"Nissan Qashqai",10500,65000,2016,1,"Diesel","SUV","1.5L","Manual",5,5
"Volkswagen Polo",1995,87500,2007,5,"Petrol","Hatchback","1.2L","Manual",3,5
"Volkswagen Polo",6750,54500,2012,2,"Petrol","Hatchback","1.4L","Manual",3,5
"Toyota Yaris",13000,51179,2019,1,"Petrol Hybrid","Hatchback","1.5L","Automatic",5,5
"Vauxhall Corsa",2995,79011,2007,NA,"Petrol","Hatchback","1.4L","Manual",3,5
"Mercedes-Benz C Class",2495,135000,2007,NA,"Diesel","Estate","2.1L","Automatic",5,5
"Fiat 500C",3995,87986,2010,NA,"Petrol","Convertible","1.2L","Manual",2,4
"Ford Kuga",5495,105000,2014,NA,"Diesel","SUV","2.0L","Manual",5,5
"BMW 3 Series",7795,57000,2013,NA,"Petrol","Saloon","1.6L","Manual",4,5
"Fiat 500",4250,73193,2013,NA,"Petrol","Hatchback","1.2L","Manual",3,4
"Toyota Yaris",2350,62324,2003,NA,"Petrol","Hatchback","1.3L","Manual",5,5
"Peugeot 308",1995,98885,2010,NA,"Petrol","Convertible","1.6L","Manual",2,4
"BMW X1",4895,105000,2011,2,"Diesel","SUV","2.0L","Manual",5,5
"Volkswagen Polo",15970,11500,2021,1,"Petrol","Hatchback","1.0L","Manual",5,5
"Mazda CX-5",7495,73000,2012,2,"Diesel","SUV","2.2L","Manual",5,5
"Mercedes-Benz E Class",3889,140000,2011,NA,"Diesel","Saloon","2.1L","Automatic",4,5
"BMW 2 Series",17599,26607,2019,NA,"Petrol","Coupe","1.5L","Automatic",2,4
"Audi A4",7990,80000,2012,NA,"Petrol","Saloon","1.8L","Manual",4,5
"Ford Focus",10970,91000,2019,1,"Petrol","Hatchback","1.5L","Manual",5,5
"Audi A6 Avant",2600,234680,2011,1,"Diesel","Estate","2.0L","Manual",5,5
"Volkswagen Passat",2500,134503,2010,2,"Diesel","Saloon","2.0L","Manual",4,5
"MINI Hatch",1189,125000,2005,NA,"Petrol","Hatchback","1.6L","Manual",3,4
"BMW 2 Series",17599,26607,2019,NA,"Petrol","Coupe","1.5L","Automatic",2,4
"Renault Clio",5990,40000,2012,2,"Petrol","Hatchback","1.6L","Automatic",5,5
"KIA Sorento",1795,125000,2005,4,"Diesel","SUV","2.5L","Manual",5,5
"BMW 5 Series",3950,100200,2007,4,"Petrol","Saloon","2.5L","Automatic",4,5
"BMW 3 Series",3500,42460,2007,2,"Diesel","Coupe","2.0L","Automatic",2,4
"Volkswagen Golf",12495,48690,2017,NA,"Petrol","Hatchback","1.4L","Manual",5,5
"BMW 1 Series",7290,85709,2013,2,"Diesel","Hatchback","2.0L","Manual",5,5
"Volkswagen Polo",1895,87100,2005,5,"Petrol","Hatchback","1.2L","Manual",3,5
"Renault Clio",6495,53000,2014,NA,"Diesel","Hatchback","1.5L","Manual",5,5
"Volkswagen Passat",2449,125000,2009,NA,"Petrol","Saloon","1.4L","Manual",4,5
"Vauxhall Astra",3195,28408,2005,NA,"Petrol","Hatchback","1.6L","Manual",5,5
"Nissan Micra",1395,49015,2006,NA,"Petrol","Hatchback","1.2L","Manual",3,5
"Ford Fiesta",3450,93752,2012,NA,"Petrol","Hatchback","1.3L","Manual",5,5
"Honda Jazz",1750,100500,2009,2,"Petrol","Hatchback","1.4L","Manual",5,5
"SEAT Ibiza",7149,22000,2014,NA,"Petrol","Hatchback","1.4L","Manual",3,5
"Mazda Mazda3",2350,77000,2008,4,"Petrol","Hatchback","1.6L","Manual",5,5
"Renault Clio",3699,64267,2000,4,"Petrol","Hatchback","2.0L","Manual",3,5
"Peugeot 207",2490,30757,2007,NA,"Petrol","Hatchback","1.4L","Manual",5,5
"Ford Fiesta",5000,49000,2012,4,"Petrol","Hatchback","1.3L","Manual",5,5
"Renault Scenic",2490,72000,2010,2,"Petrol","MPV","1.6L","Manual",5,5
"Honda Jazz",2450,93000,2010,4,"Petrol","Hatchback","1.4L","Manual",5,5
"Ford Focus",1789,93000,2010,NA,"Petrol","Hatchback","1.6L","Manual",3,5
"BMW X3",4995,80750,2010,7,"Diesel","SUV","2.0L","Automatic",5,5
"Volkswagen Tiguan",14250,71396,2018,1,"Diesel","SUV","2.0L","Manual",5,5
"Volvo 740",750,225318,1989,NA,"Petrol","Estate","2.3L","Automatic",5,NA
"Vauxhall Astra",3500,78000,2015,2,"Petrol","Hatchback","1.6L","Manual",5,5
"Vauxhall Astra",5000,60000,2015,1,"Petrol","Hatchback","1.4L","Manual",5,5
"Volkswagen Golf",2495,144000,2012,2,"Diesel","Hatchback","1.6L","Manual",5,5
"Volkswagen Passat",11480,44006,2015,3,"Diesel","Saloon","2.0L","Automatic",4,5
"Ford Focus",2950,105000,2011,NA,"Petrol","Hatchback","1.6L","Manual",5,5
"Volkswagen Polo",3495,127000,2015,NA,"Petrol","Hatchback","1.0L","Manual",3,5
"Mercedes-Benz A Class",15900,62402,2019,1,"Petrol","Hatchback","1.3L","Automatic",5,5
"Nissan Juke",7470,58277,2014,2,"Petrol","SUV","1.6L","Manual",5,5
"Jaguar XE",9990,105000,2016,1,"Diesel","Saloon","2.0L","Automatic",4,5
"BMW 1 Series",1995,143222,2011,3,"Diesel","Hatchback","2.0L","Manual",5,5
"Renault Clio",500,115083,2007,7,"Petrol","Hatchback","1.2L","Manual",5,5
"BMW 1 Series",4995,132164,2009,NA,"Petrol","Convertible","3.0L","Automatic",2,4
"Honda Civic",2490,80000,2002,2,"Petrol","Hatchback","1.6L","Automatic",3,5
"Suzuki Grand Vitara",5995,84000,2008,NA,"Petrol","SUV","2.0L","Automatic",5,5
"SKODA Octavia",6995,87000,2010,NA,"Diesel","Estate","2.0L","Manual",5,5
"Vauxhall Corsa",10998,39993,2020,NA,"Petrol","Hatchback","1.2L","Manual",5,5
"Nissan Qashqai",3795,120090,2011,2,"Petrol","SUV","1.6L","Manual",5,5
"Ford Fiesta",2945,80997,2009,NA,"Petrol","Hatchback","1.3L","Manual",3,5
"Honda Cr-v",8995,70000,2013,2,"Petrol","SUV","2.0L","Manual",5,5
"Land Rover Freelander",1000,81783,1999,2,"Diesel","SUV","2.0L","Manual",5,5
"Nissan Sunny",999,60000,1985,NA,"Petrol","Saloon","1.3L","Manual",4,NA
"MINI Hatch",6480,67000,2010,NA,"Petrol","Hatchback","1.6L","Automatic",3,4
"Vauxhall Corsa",1795,99905,2010,5,"Petrol","Hatchback","1.4L","Manual",5,5
"Renault Grand Scenic",4000,73000,2011,2,"Diesel","MPV","1.5L","Automatic",5,7
"Renault Clio",1990,60160,2009,1,"Petrol","Hatchback","1.2L","Manual",3,5
"Citroen C3",6985,65526,2017,1,"Petrol","Hatchback","1.2L","Manual",5,5
"Vauxhall Vectra",2250,52200,2007,NA,"Petrol","Hatchback","1.8L","Manual",5,5
"BMW 1 Series",8145,40000,2013,NA,"Diesel","Hatchback","1.6L","Manual",5,5
"BMW 3 Series",2490,104392,2010,4,"Petrol","Saloon","2.0L","Manual",4,5
"Mazda 3",10200,42449,2017,2,"Diesel","Hatchback","1.5L","Manual",5,5
"Mazda Mazda6",1795,107819,2009,NA,"Petrol","Hatchback","1.8L","Manual",5,5
"BMW 3 SERIES",11995,136225,2017,NA,"Petrol Plug-in Hybrid","Saloon","2.0L","Automatic",4,5
"Ford Focus",8975,86500,2017,NA,"Diesel","Hatchback","1.5L","Manual",5,5
"Ford Focus",2950,105000,2011,NA,"Petrol","Hatchback","1.6L","Manual",5,5
"Toyota Yaris",2995,81224,2006,NA,"Petrol","Hatchback","1.0L","Manual",3,5
"Honda Jazz",1399,171000,2007,1,"Petrol","Hatchback","1.4L","Manual",5,5
"Vauxhall Meriva",6990,34000,2015,2,"Petrol","MPV","1.4L","Automatic",5,5
"Renault Clio",11890,49908,2021,NA,"Petrol","Hatchback","1.0L","Manual",5,5
"Ford Focus",1499,113187,2008,2,"Petrol","Hatchback","1.6L","Manual",5,5
"Suzuki Swift",10707,11589,2020,1,"Petrol Hybrid","Hatchback","1.2L","Manual",5,5
"Peugeot 207",999,111400,2007,2,"Diesel","Hatchback","1.6L","Manual",5,5
"Vauxhall Corsa",10698,22782,2020,NA,"Petrol","Hatchback","1.2L","Manual",5,5
"Peugeot 308",9149,55301,2016,NA,"Diesel","Hatchback","1.6L","Manual",5,5
"Renault Clio",11890,49908,2021,NA,"Petrol","Hatchback","1.0L","Manual",5,5
"Audi TT",6495,96000,2013,NA,"Diesel","Coupe","2.0L","Automatic",3,4
"Ford Focus",10970,91000,2019,1,"Petrol","Hatchback","1.5L","Manual",5,5
"Peugeot 308",1595,114000,2010,3,"Diesel","Hatchback","1.6L","Manual",5,5
"Ford Fiesta",2295,38000,2007,1,"Petrol","Hatchback","1.3L","Manual",3,5
"Vauxhall Corsa",2499,85000,2010,5,"Petrol","Hatchback","1.2L","Manual",3,5
"Peugeot 308",9149,55301,2016,NA,"Diesel","Hatchback","1.6L","Manual",5,5
"Volkswagen Golf Plus",2499,135785,2010,NA,"Diesel","Hatchback","1.6L","Manual",5,5
"Mazda Mazda3",1795,99000,2008,2,"Petrol","Hatchback","1.6L","Manual",5,5
"Volvo S60",2000,108000,2003,NA,"Petrol","Saloon","2.0L","Automatic",4,5
"Renault Clio",2695,79732,2010,NA,"Petrol","Hatchback","1.2L","Manual",3,5
"Citroen C3",10256,31595,2018,2,"Petrol","Hatchback","1.2L","Manual",5,5
"Mercedes-Benz S-class",3795,64000,2002,NA,"Diesel","Saloon","3.2L","Automatic",4,4
"Volkswagen Polo",4990,79000,2013,3,"Diesel","Hatchback","1.6L","Manual",5,5
"Hyundai Santa FE",6995,146000,2014,2,"Diesel","SUV","2.2L","Manual",5,5
"Honda Cr-v",5500,141000,2015,3,"Diesel","SUV","2.2L","Manual",5,5
"Mercedes-Benz C Class",3999,128000,2009,3,"Petrol","Saloon","1.6L","Automatic",4,5
"KIA Optima",11500,58552,2017,2,"Diesel","Estate","1.7L","Manual",5,5
"Peugeot 5008",2350,146000,2010,3,"Diesel","MPV","2.0L","Automatic",5,7
"Renault Clio",11890,49908,2021,NA,"Petrol","Hatchback","1.0L","Manual",5,5
"Vauxhall Corsa",4300,34000,2018,3,"Petrol","Hatchback","1.4L","Manual",3,5
"Renault Clio",11890,49908,2021,NA,"Petrol","Hatchback","1.0L","Manual",5,5
"Land Rover Freelander 2",5290,92148,2010,2,"Diesel","SUV","2.2L","Automatic",5,5
"Honda Accord",950,192567,2007,5,"Diesel","Saloon","2.2L","Manual",4,5
"Peugeot 107",1499,93700,2007,NA,"Petrol","Hatchback","1.0L","Manual",3,4
"Honda Cr-v",1389,120000,1999,NA,"Petrol","SUV","2.0L","Automatic",5,5
"Vauxhall Corsa",13999,13315,2020,1,"Petrol","Hatchback","1.2L","Manual",5,5
"Renault Clio",6495,60394,2016,2,"Petrol","Hatchback","1.2L","Manual",5,5
"Mercedes-Benz C Class",4995,100000,2011,NA,"Petrol","Saloon","1.8L","Automatic",4,5
"Hyundai Tucson",10999,66084,2018,2,"Petrol","SUV","1.6L","Manual",5,5
"Toyota Aygo",1795,110000,2006,4,"Petrol","Hatchback","1.0L","Manual",5,4
"Fiat 500L",5250,79308,2015,1,"Diesel","MPV","","Automatic",NA,NA
"BMW 3 Series",2495,74325,2007,NA,"Petrol","Saloon","2.0L","Manual",4,5
"Vauxhall Corsa",5999,63000,2017,NA,"Petrol","Hatchback","1.4L","Manual",3,5
"BMW 3 Series",19800,69690,2019,1,"Petrol Plug-in Hybrid","Saloon","2.0L","Automatic",4,5
"Nissan Juke",4995,89999,2013,NA,"Diesel","SUV","1.5L","Manual",5,5
"Peugeot 207",1299,87000,2008,5,"Diesel","Hatchback","1.6L","Manual",5,5
"Volkswagen Polo",6995,59513,2014,2,"Petrol","Hatchback","1.4L","Manual",5,5
"Mercedes-Benz C Class",2495,130000,2007,NA,"Petrol","Saloon","1.8L","Automatic",4,5
"SEAT Ibiza",2800,77000,2011,3,"Petrol","Hatchback","1.4L","Manual",5,5
"Fiat Punto",3999,46443,2013,NA,"Petrol","Hatchback","1.2L","Manual",5,5
"Vauxhall Corsa",2240,55000,2014,4,"Petrol","Hatchback","1.2L","Manual",3,5
"Toyota Aygo",10700,16420,2019,NA,"Petrol","Hatchback","1.0L","Manual",5,4
"Peugeot 308",9995,59685,2016,1,"Diesel","Estate","2.0L","Manual",5,5
"Hyundai i20",1850,105472,2009,4,"Petrol","Hatchback","1.2L","Manual",3,5
"Nissan Leaf",5390,60695,2014,NA,"Electric","Hatchback","","Automatic",5,5
"Vauxhall Astra",1595,93610,2001,2,"Petrol","Hatchback","1.6L","Automatic",5,5
"Suzuki SX4",2499,52000,2008,2,"Petrol","SUV","1.6L","Manual",5,5
"Volkswagen Polo",1499,120000,2009,4,"Petrol","Hatchback","1.2L","Manual",5,5
"Peugeot 207",1990,81000,2012,4,"Petrol","Hatchback","1.4L","Manual",5,5
"Mercedes-Benz A-class",12995,49938,2016,2,"Petrol","Hatchback","1.6L","Manual",5,5
"Ford Fiesta",5995,69856,2015,2,"Petrol","Hatchback","1.0L","Manual",3,5
"Toyota Yaris",2995,81224,2006,NA,"Petrol","Hatchback","1.0L","Manual",3,5
"Nissan Qashqai",6000,87018,2014,3,"Diesel","SUV","1.5L","Manual",5,5
"Toyota IQ",3495,85489,2009,NA,"Petrol","Hatchback","1.3L","Manual",3,4
"Vauxhall Insignia",8695,91344,2018,1,"Diesel","Estate","1.6L","Manual",5,5
"Fiat Punto EVO",1989,75000,2010,4,"Petrol","Hatchback","1.4L","Manual",3,5
"Honda Civic",5490,52500,2009,NA,"Petrol","Hatchback","1.8L","Automatic",5,5
"KIA Xceed",15998,22714,2020,NA,"Petrol","SUV","1.0L","Manual",5,5
"Audi A4 Avant",6250,127000,2013,3,"Diesel","Estate","2.0L","Manual",5,5
"Peugeot 107",2150,100000,2010,NA,"Petrol","Hatchback","1.0L","Manual",3,4
"BMW 3 Series",8995,65000,2012,NA,"Diesel","Saloon","2.0L","Automatic",4,5
"Dacia Sandero",6000,20890,2014,1,"Petrol","Hatchback","0.9L","Manual",5,5
"MG MG HS",21495,1048,2023,1,"Petrol","SUV","1.5L","Automatic",5,5
"Peugeot 3008",17990,9669,2019,1,"Diesel","SUV","1.5L","Manual",5,5
"Citroen C1",993,135000,2006,4,"Petrol","Hatchback","1.0L","Manual",5,4
"BMW 3 Series",3495,136000,2011,2,"Diesel","Saloon","2.0L","Manual",4,5
"Peugeot 308",9149,55301,2016,NA,"Diesel","Hatchback","1.6L","Manual",5,5
"Peugeot 207",1990,81000,2012,4,"Petrol","Hatchback","1.4L","Manual",5,5
"Ford Focus",10970,91000,2019,1,"Petrol","Hatchback","1.5L","Manual",5,5
"Vauxhall Astra",3199,87000,2012,3,"Petrol","Hatchback","1.4L","Manual",5,5
"Mercedes-Benz C Class",6950,116000,2012,7,"Diesel","Saloon","2.1L","Automatic",4,5
"SEAT Ibiza",8499,54111,2017,2,"Petrol","Hatchback","1.2L","Manual",3,5
"Mercedes-Benz CLA Class",11000,73000,2017,3,"Diesel","Saloon","2.1L","Manual",4,5
"BMW 3 Series",2900,104499,2007,5,"Petrol","Saloon","2.0L","Automatic",4,5
"Ford Focus",1390,127000,2008,NA,"Petrol","Hatchback","1.6L","Manual",5,5
"MINI Hatch",10000,46923,2017,3,"Petrol","Hatchback","1.5L","Manual",3,4
"MINI Hatch Cooper",10995,33824,2018,1,"Petrol","Hatchback","1.5L","Manual",3,4
"SKODA Octavia",3495,152544,2014,3,"Petrol","Hatchback","1.2L","Manual",5,5
"Jaguar X-type",1599,92000,2003,6,"Petrol","Saloon","2.5L","Automatic",4,5
"Ford Focus",1499,113187,2008,2,"Petrol","Hatchback","1.6L","Manual",5,5
"Ford Mondeo",3195,96000,2011,5,"Diesel","Hatchback","1.8L","Manual",5,5
"Nissan Qashqai",14990,45774,2020,NA,"Petrol","SUV","1.3L","Automatic",5,5
"Peugeot 407",1995,89000,2007,NA,"Petrol","Coupe","3.0L","Automatic",2,4
"Mercedes-Benz C Class",12295,63276,2014,NA,"Diesel","Saloon","2.1L","Automatic",4,5
"BMW 1 Series",9995,97000,2016,2,"Diesel","Hatchback","2.0L","Manual",5,5
"Ford Focus",1190,94519,2006,1,"Petrol","Hatchback","1.6L","Manual",3,5
"Ford KA",3200,47506,2011,3,"Petrol","Hatchback","1.2L","Manual",3,4
"SKODA Rapid Spaceback",6699,81000,2015,2,"Petrol","Hatchback","1.2L","Manual",5,5
"Ford Fiesta",6500,109876,2018,NA,"Petrol","Hatchback","1.1L","Manual",5,5
"BMW 3 Series",3990,97000,2011,4,"Diesel","Saloon","2.0L","Manual",4,5
"Nissan Leaf",5390,60695,2014,NA,"Electric","Hatchback","","Automatic",5,5
"Hyundai I20",3750,59525,2011,2,"Petrol","Hatchback","1.2L","Manual",5,5
"Hyundai I20 HATCHBACK",7499,54000,2016,1,"Petrol","Hatchback","1.2L","Manual",5,5
"Ford Fiesta",4795,47000,2010,1,"Petrol","Hatchback","1.4L","Manual",5,5
"Fiat Grande Punto",1600,69900,2007,2,"Petrol","Hatchback","1.2L","Manual",5,5
"Vauxhall Vectra",2250,52200,2007,NA,"Petrol","Hatchback","1.8L","Manual",5,5
"Ford Mondeo",8940,97000,2017,1,"Diesel","Hatchback","2.0L","Manual",5,5
"Renault Clio",1599,77182,2010,3,"Petrol","Hatchback","1.2L","Manual",5,5
"Chrysler Grand Voyager",2950,106000,2006,4,"Petrol","MPV","3.3L","Automatic",5,7
"Fiat 500",4299,60000,2012,2,"Petrol","Hatchback","1.2L","Manual",3,4
"Vauxhall Zafira Tourer",3850,66000,2012,4,"Diesel","MPV","2.0L","Manual",5,7
"Ford Focus",8975,86500,2017,NA,"Diesel","Hatchback","1.5L","Manual",5,5
"Mercedes-Benz C Class",18450,44000,2017,3,"Diesel","Coupe","2.1L","Automatic",2,4
"Vauxhall Adam",6199,65814,2014,1,"Petrol","Hatchback","1.4L","Manual",3,4
"Toyota Verso",5250,98700,2014,4,"Diesel","MPV","1.6L","Manual",5,7
"Suzuki Swift",1195,75677,2008,NA,"Petrol","Hatchback","1.3L","Manual",5,5
"Vauxhall Corsa",10698,22782,2020,NA,"Petrol","Hatchback","1.2L","Manual",5,5
"Vauxhall Adam",2745,120000,2014,NA,"Petrol","Hatchback","1.4L","Manual",3,4
"MINI Hatch",10000,46923,2017,3,"Petrol","Hatchback","1.5L","Manual",3,4
"Infiniti Q50",7490,117000,2014,2,"Diesel","Saloon","2.2L","Automatic",4,5
"Toyota Yaris",2000,64000,2007,3,"Petrol","Hatchback","1.3L","Manual",5,5
"Citroen C3",10381,33896,2018,2,"Petrol","Hatchback","1.2L","Manual",5,5
"Vauxhall Corsa",2995,103000,2013,NA,"Petrol","Hatchback","1.2L","Manual",5,5
"Vauxhall Corsa",2995,47988,2009,NA,"Petrol","Hatchback","1.2L","Manual",3,5
"Renault Clio",2895,70100,2012,2,"Diesel","Hatchback","1.5L","Manual",3,5
"Toyota Verso",8995,71504,2015,NA,"Diesel","MPV","1.6L","Manual",5,7
"Ford Focus",7475,96765,2017,1,"Diesel","Hatchback","1.5L","Manual",5,5
"Vauxhall Insignia",2495,122000,2012,2,"Diesel","Hatchback","2.0L","Manual",5,5
"Vauxhall Corsa",990,130000,2006,1,"Petrol","Hatchback","1.2L","Manual",3,5
"Renault Arkana",21495,16228,2023,1,"Petrol","SUV","1.3L","Automatic",5,5
"Mercedes-Benz E Class",9995,60758,2016,3,"Diesel","Coupe","2.1L","Automatic",2,4
"Vauxhall Mokka X",10999,44728,2018,2,"Petrol","SUV","1.4L","Manual",5,5
"Vauxhall Astra",4999,60139,2015,2,"Petrol","Hatchback","1.6L","Manual",5,5
"Citroen DS3 Cabrio",5495,49000,2013,2,"Petrol","Convertible","1.6L","Manual",2,5
"Vauxhall Adam",4990,67000,2014,NA,"Petrol","Hatchback","1.4L","Manual",3,4
"BMW 3 Series",19800,69690,2019,1,"Petrol Plug-in Hybrid","Saloon","2.0L","Automatic",4,5
"Vauxhall Astra",4999,60139,2015,2,"Petrol","Hatchback","1.6L","Manual",5,5
"BMW Z4",4250,93500,2007,5,"Petrol","Convertible","2.0L","Manual",2,2
"Toyota Aygo",3895,53700,2013,2,"Petrol","Hatchback","1.0L","Manual",5,4
"Toyota Yaris",1895,77000,2002,NA,"Petrol","Hatchback","1.0L","Manual",5,5
"Peugeot 207",3652,72549,2014,1,"Petrol","Convertible","1.6L","Manual",2,4
"Peugeot 308",1995,76954,2009,NA,"Petrol","Hatchback","1.6L","Manual",5,5
"Volkswagen Passat",4200,90000,2011,3,"Diesel","Saloon","2.0L","Automatic",4,5
"Toyota Yaris",2999,27682,2007,3,"Petrol","Hatchback","1.3L","Manual",5,5
"Peugeot 308",1890,99000,2010,5,"Petrol","Hatchback","1.4L","Manual",5,5
"BMW 2 Series",17599,26607,2019,NA,"Petrol","Coupe","1.5L","Automatic",2,4
"Toyota RAV4",2695,104069,2007,3,"Diesel","SUV","2.2L","Manual",5,5
"Hyundai i30",1750,130000,2010,4,"Petrol","Hatchback","1.4L","Manual",5,5
"Fiat 500C",3995,87986,2010,NA,"Petrol","Convertible","1.2L","Manual",2,4
"Peugeot 207 SW",895,114312,2008,9,"Petrol","Estate","1.4L","Manual",5,5
"Peugeot 2008",6790,37000,2014,NA,"Petrol","SUV","1.2L","Manual",5,5
"Lexus GS 450h",2500,160000,2006,NA,"Petrol Hybrid","Saloon","3.5L","Automatic",4,5
"Volkswagen Polo",15970,11500,2021,1,"Petrol","Hatchback","1.0L","Manual",5,5
"Jeep Patriot",1000,112654,2008,4,"Diesel","SUV","2.0L","Manual",5,5
"Vauxhall Corsa",8500,27500,2016,2,"Petrol","Hatchback","1.0L","Manual",3,5
"Vauxhall Corsa",2490,86000,2011,NA,"Petrol","Hatchback","1.4L","Manual",5,5
"BMW 3 Series Gran Turismo",5800,150000,2014,4,"Diesel","Hatchback","2.0L","Manual",5,5
"BMW 3 SERIES",12800,57000,2016,2,"Diesel","Saloon","2.0L","Manual",4,5
"Volkswagen Polo",15970,11500,2021,1,"Petrol","Hatchback","1.0L","Manual",5,5
"Mercedes-Benz A Class",13495,58383,2016,NA,"Diesel","Hatchback","2.1L","Automatic",5,5
"MINI Hatch",10000,46923,2017,3,"Petrol","Hatchback","1.5L","Manual",3,4
"Nissan X-trail",5995,108000,2015,1,"Diesel","SUV","1.6L","Manual",5,5
"Vauxhall Corsa",9820,31584,2018,2,"Petrol","Hatchback","1.4L","Automatic",5,5
"MINI Hatch",9495,61385,2018,1,"Petrol","Hatchback","1.5L","Manual",3,4
"SKODA Citigo",4999,56355,2014,3,"Petrol","Hatchback","1.0L","Manual",5,4
"Peugeot 2008",9495,60496,2017,1,"Diesel","SUV","1.6L","Manual",5,5
"Renault Grand Scenic",4000,73000,2011,2,"Diesel","MPV","1.5L","Automatic",5,7
"Ford Fiesta",9990,61981,2018,2,"Petrol","Hatchback","1.0L","Manual",5,5
"Mazda MAZDA 2",1995,95843,2011,6,"Petrol","Hatchback","1.3L","Manual",5,5
"Ford Fiesta",8499,41387,2016,2,"Petrol","Hatchback","1.3L","Manual",5,5
"Nissan Qashqai",14990,45774,2020,NA,"Petrol","SUV","1.3L","Automatic",5,5
"Vauxhall Corsa",3000,70000,2011,NA,"Petrol","Hatchback","1.2L","Manual",5,5
"Hyundai i20",10995,12592,2018,NA,"Petrol","Hatchback","1.2L","Manual",5,5
"Mazda Mazda3",4495,100000,2013,2,"Petrol","Hatchback","1.6L","Automatic",5,5
"Audi Q3",11490,100000,2015,NA,"Diesel","SUV","2.0L","Automatic",5,5
"Renault Megane",3995,72000,2013,3,"Petrol","Hatchback","1.6L","Manual",5,5
"Mercedes-Benz S Class",3795,152000,2008,3,"Diesel","Saloon","3.0L","Automatic",4,5
"Toyota Aygo",2495,74765,2009,NA,"Petrol","Hatchback","1.0L","Manual",5,4
"MG MG ZS",18515,1,2023,NA,"Petrol","SUV","1.5L","Manual",5,5
"Volvo V50",2299,153092,2009,2,"Diesel","Estate","2.4L","Automatic",5,5
"Vauxhall Corsa",3999,42000,2013,3,"Petrol","Hatchback","1.2L","Manual",5,5
"BMW 3 SERIES",2898,98979,2003,NA,"Petrol","Coupe","2.5L","Automatic",2,5
"Ford Fiesta",2995,89999,2011,NA,"Petrol","Hatchback","1.3L","Manual",3,5
"MINI Hatch",4995,106289,2011,1,"Petrol","Hatchback","1.6L","Manual",3,4
"Land Rover Range Rover Sport",4995,95000,2007,6,"Diesel","SUV","2.7L","Automatic",5,5
"Mercedes-Benz E Class",6300,139000,2009,4,"Petrol","Coupe","3.5L","Automatic",2,4
"Nissan Leaf",5390,60695,2014,NA,"Electric","Hatchback","","Automatic",5,5
"Mercedes-Benz A Class",12995,38000,2013,1,"Petrol","Hatchback","1.6L","Automatic",5,5
"Volkswagen Golf",3889,74100,2010,NA,"Petrol","Hatchback","1.4L","Manual",5,5
"Audi A3",1600,132018,2008,NA,"Petrol","Hatchback","1.6L","Manual",3,5
"KIA Sportage",10198,50028,2016,NA,"Petrol","SUV","1.6L","Manual",5,5
"SKODA Fabia",6900,70189,2016,3,"Diesel","Hatchback","1.4L","Manual",5,5
"SEAT Ibiza",1495,120741,2008,NA,"Petrol","Hatchback","1.2L","Manual",3,5
"BMW 1 Series",4495,114000,2013,3,"Diesel","Hatchback","1.6L","Manual",5,5
"BMW X1",7179,85220,2012,NA,"Diesel","SUV","2.0L","Automatic",5,5
"Mazda Mazda3",999,129000,2005,NA,"Petrol","Hatchback","2.0L","Manual",5,5
"Audi A3",1350,126085,2003,6,"Petrol","Hatchback","1.6L","Automatic",5,5
"Vauxhall Astra",4999,60139,2015,2,"Petrol","Hatchback","1.6L","Manual",5,5
"Audi A3 Cabriolet",8990,67000,2014,NA,"Petrol","Convertible","1.4L","Manual",2,4
"Suzuki Alto",2495,64269,2012,NA,"Petrol","Hatchback","1.0L","Manual",5,4
"Ford Fiesta",2495,47530,2008,NA,"Petrol","Hatchback","1.3L","Manual",3,5
"Renault Megane",4400,36063,2012,2,"Petrol","Hatchback","1.6L","Manual",5,5
"MINI Hatch",1425,116000,2003,NA,"Petrol","Hatchback","1.6L","Manual",3,4
"Nissan Note",2500,73950,2008,3,"Petrol","Hatchback","1.4L","Manual",5,5
"Vauxhall Astra",1299,96000,2006,5,"Petrol","Hatchback","1.4L","Manual",3,5
"Nissan Qashqai",7250,66000,2013,NA,"Diesel","SUV","1.5L","Manual",5,5
"Ford Ecosport",3850,98000,2014,3,"Diesel","SUV","1.5L","Manual",5,5
"Citroen Grand C4 Picasso",2495,114000,2007,NA,"Petrol","MPV","2.0L","Automatic",5,7
"Toyota Yaris",2995,81224,2006,NA,"Petrol","Hatchback","1.0L","Manual",3,5
"Vauxhall Crossland X",13499,19632,2020,1,"Petrol","SUV","1.2L","Manual",5,5
"Jaguar XE",16950,23982,2016,2,"Diesel","Saloon","2.0L","Automatic",4,5
"Hyundai Getz",925,136000,2006,NA,"Diesel","Hatchback","1.5L","Manual",3,5
"Audi A3",7495,45000,2013,2,"Petrol","Hatchback","1.4L","Manual",5,5
"Mercedes-Benz SLK",1899,94000,2001,NA,"Petrol","Convertible","1.8L","Automatic",2,2
"Rover Mini",1650,49309,1990,4,"Petrol","Saloon","1.0L","Automatic",2,NA
"Ford Kuga Estate",14781,52355,2019,1,"Petrol","SUV","1.5L","Manual",5,5
"Fiat 500",3695,73997,2014,5,"Petrol","Hatchback","1.2L","Manual",3,4
"SKODA Fabia",6900,70189,2016,3,"Diesel","Hatchback","1.4L","Manual",5,5
"Suzuki SX4 S-Cross",2500,87000,2014,3,"Petrol","SUV","1.6L","Manual",5,5
"Vauxhall Insignia",2495,121723,2012,NA,"Diesel","Estate","2.0L","Manual",5,5
"Hyundai i30",4040,120635,2013,3,"Petrol","Hatchback","1.4L","Manual",5,5
"Citroen C1",2400,74000,2008,2,"Petrol","Hatchback","1.0L","Manual",3,4
"Vauxhall Corsa",2050,88000,2009,NA,"Petrol","Hatchback","1.2L","Manual",5,5
"Ford Fiesta",2500,113750,2010,6,"Diesel","Hatchback","1.6L","Manual",3,5
"Peugeot 108",5950,49430,2014,3,"Petrol","Hatchback","1.2L","Manual",5,4
"Peugeot 3008",7995,63845,2015,NA,"Diesel","SUV","1.6L","Manual",5,5
"Ford Fiesta",9990,61981,2018,2,"Petrol","Hatchback","1.0L","Manual",5,5
"Ford Focus",6495,98593,2016,NA,"Petrol","Hatchback","1.0L","Manual",5,5
"Hyundai I20",9495,12214,2016,2,"Petrol","Hatchback","1.2L","Manual",5,5
"Hyundai Getz",990,121000,2003,4,"Petrol","Hatchback","1.3L","Manual",5,5
"Suzuki Alto",3995,45000,2014,2,"Petrol","Hatchback","1.0L","Manual",5,4
"Renault Megane",2495,106500,2015,3,"Diesel","Hatchback","1.5L","Manual",5,5
"Volkswagen Golf",1895,136331,2005,4,"Petrol","Hatchback","1.6L","Manual",5,5
"Volkswagen Polo",2495,149000,2010,1,"Diesel","Hatchback","1.2L","Manual",5,5
"SEAT Leon",6995,91000,2014,NA,"Diesel","Hatchback","2.0L","Manual",3,5
"Volvo V40",4250,118000,2013,4,"Diesel","Hatchback","1.6L","Manual",5,5
"Peugeot 207",1299,87000,2008,5,"Diesel","Hatchback","1.6L","Manual",5,5
"Saab 9-3",2950,87424,2008,3,"Petrol","Saloon","1.8L","Automatic",4,5
"Nissan X-trail",4995,129000,2011,NA,"Diesel","SUV","2.0L","Manual",5,5
"Peugeot 308",2795,100000,2011,5,"Petrol","Hatchback","1.6L","Manual",5,5
"Audi A4",7990,80000,2012,NA,"Petrol","Saloon","1.8L","Manual",4,5
"Vauxhall Insignia",6145,67990,2014,NA,"Diesel","Hatchback","2.0L","Manual",5,5
"Ford Fiesta",2490,42800,2007,NA,"Petrol","Hatchback","1.2L","Manual",3,5
"Vauxhall Astra",4190,76000,2013,2,"Diesel","Hatchback","2.0L","Manual",5,5
"Citroen C4 Cactus",6399,92000,2016,2,"Petrol","Hatchback","1.2L","Manual",5,5
"Peugeot 307",2490,38563,2007,2,"Petrol","Hatchback","1.4L","Manual",5,5
"Nissan Qashqai",4950,88000,2013,3,"Petrol","SUV","1.6L","Manual",5,5
"Mercedes-Benz B Class",2650,85000,2008,NA,"Petrol","MPV","1.5L","Manual",5,5
"Mitsubishi Shogun Sport",3595,105000,2007,NA,"Diesel","SUV","2.5L","Manual",5,5
"Vauxhall Vectra",2250,52200,2007,NA,"Petrol","Hatchback","1.8L","Manual",5,5
"Land Rover Freelander 2",3849,112340,2009,NA,"Diesel","SUV","2.2L","Automatic",5,5
"Nissan Juke",11000,45462,2019,1,"Petrol","SUV","1.6L","Manual",5,5
"Ford Focus",2950,105000,2011,NA,"Petrol","Hatchback","1.6L","Manual",5,5
"Vauxhall Astra",495,97000,2011,7,"Diesel","Hatchback","1.7L","Manual",5,5
"SKODA Fabia",2390,64000,2008,4,"Petrol","Hatchback","1.2L","Manual",5,5
"Ford Fiesta Hatchback",8990,43575,2017,1,"Petrol","Hatchback","1.1L","Manual",5,5
"Toyota Yaris",1850,73424,2004,2,"Petrol","Hatchback","1.0L","Manual",5,5
"Ford Focus",4449,89653,2012,3,"Petrol","Hatchback","1.0L","Manual",5,5
"MINI Hatch",2700,96166,2007,5,"Petrol","Hatchback","1.6L","Manual",3,4
"Mitsubishi Lancer",4500,76988,2011,2,"Petrol","Hatchback","1.8L","Manual",5,5
"Vauxhall Corsa",10999,13109,2020,1,"Petrol","Hatchback","1.2L","Manual",5,5
"Volkswagen Polo",15970,11500,2021,1,"Petrol","Hatchback","1.0L","Manual",5,5
"Mercedes-Benz B Class",2275,125200,2006,5,"Petrol","MPV","1.7L","Automatic",5,5
"Audi A3",7495,100409,2013,3,"Diesel","Hatchback","2.0L","Manual",3,5
"Vauxhall Corsa",10698,22782,2020,NA,"Petrol","Hatchback","1.2L","Manual",5,5
"BMW 1 Series",7250,90395,2015,2,"Petrol","Hatchback","1.6L","Manual",5,5
"Mercedes-Benz A Class",15900,62402,2019,1,"Petrol","Hatchback","1.3L","Automatic",5,5
"Toyota Yaris",2495,121600,2008,4,"Petrol","Hatchback","1.3L","Manual",5,5
"Honda Civic",2499,83000,2005,5,"Petrol","Hatchback","1.6L","Automatic",5,5
"Citroen C4 Cactus",9990,36000,2018,NA,"Petrol","Hatchback","1.2L","Manual",5,5
"Peugeot 1007",2490,36600,2007,NA,"Petrol","Hatchback","1.6L","Automatic",3,4
"Peugeot 3008",1390,107000,2010,6,"Diesel","SUV","1.6L","Manual",5,5
"Subaru Impreza",2395,130100,2001,5,"Petrol","Saloon","2.0L","Manual",4,5
"BMW 3 SERIES",18695,93289,2019,2,"Diesel","Saloon","2.0L","Automatic",4,5
"Peugeot 407",995,144100,2007,4,"Diesel","Saloon","2.0L","Manual",4,5
"Volkswagen Beetle",10995,77250,2013,2,"Petrol","Convertible","1.4L","Manual",2,4
"Renault Clio",11890,49908,2021,NA,"Petrol","Hatchback","1.0L","Manual",5,5
"Fiat Grande Punto",1499,49970,2009,2,"Diesel","Hatchback","1.3L","Manual",3,5
"Ford Mondeo",3995,83000,2011,NA,"Petrol","Hatchback","2.0L","Manual",5,5
"SKODA Fabia",6900,70189,2016,3,"Diesel","Hatchback","1.4L","Manual",5,5
"Vauxhall Corsa",2989,70020,2014,NA,"Diesel","Hatchback","1.3L","Manual",5,5
"Honda Fr-v",2195,138000,2009,NA,"Petrol","MPV","1.8L","Manual",5,6
"Honda Jazz",3470,57000,2009,NA,"Petrol","Hatchback","1.4L","Manual",5,5
"SKODA Octavia",2490,56000,2003,NA,"Petrol","Hatchback","1.8L","Automatic",5,5
"Mazda MX-30",13899,13865,2021,NA,"Electric","SUV","","Automatic",5,5
"Hyundai i20",1850,105472,2009,4,"Petrol","Hatchback","1.2L","Manual",3,5
"Toyota Aygo",10700,16420,2019,NA,"Petrol","Hatchback","1.0L","Manual",5,4
"Vauxhall Corsa",8495,24329,2016,1,"Petrol","Hatchback","1.4L","Manual",3,5
"Audi A3",3690,142136,2011,3,"Diesel","Hatchback","2.0L","Manual",5,5
"Ford Focus",10970,91000,2019,1,"Petrol","Hatchback","1.5L","Manual",5,5
"Hyundai i10",2750,79315,2011,4,"Petrol","Hatchback","1.2L","Manual",5,5
"KIA Sportage",10198,50028,2016,NA,"Petrol","SUV","1.6L","Manual",5,5
"Toyota Yaris",13000,51179,2019,1,"Petrol Hybrid","Hatchback","1.5L","Automatic",5,5
"Vauxhall Astra",6495,63495,2016,4,"Petrol","Hatchback","1.0L","Manual",5,5
"Fiat Doblo",1495,85000,2004,NA,"Diesel","Estate","1.3L","Manual",5,5
"Audi A4",5444,120000,2011,NA,"Diesel","Saloon","2.0L","Manual",4,5
"Ford Focus",8975,86500,2017,NA,"Diesel","Hatchback","1.5L","Manual",5,5
"Vauxhall Insignia Grand Sport",11995,57952,2019,1,"Diesel","Hatchback","2.0L","Manual",5,5
"Volkswagen CC",6795,92000,2012,NA,"Diesel","Saloon","2.0L","Manual",4,5
"BMW 3 Series",5495,88291,2008,3,"Petrol","Coupe","2.0L","Automatic",2,4
"Mercedes-Benz E Class",1950,143000,2003,NA,"Diesel","Saloon","2.7L","Automatic",4,5
"Ford Focus",10970,91000,2019,1,"Petrol","Hatchback","1.5L","Manual",5,5
"Ford Focus",2275,100969,2009,5,"Diesel","Hatchback","2.0L","Manual",5,5
"Vauxhall Viva Hatchback",5495,68084,2015,2,"Petrol","Hatchback","1.0L","Manual",5,5
"MINI Hatch Cooper",15495,37199,2019,2,"Petrol","Hatchback","1.5L","Manual",3,4
"Renault Clio",500,138061,2007,5,"Petrol","Hatchback","1.4L","Manual",3,5
"Renault Koleos",16995,38252,2018,2,"Diesel","SUV","2.0L","Automatic",5,5
"Vauxhall Corsa",1749,60000,2006,NA,"Petrol","Hatchback","1.4L","Manual",5,5
"Renault Grand Scenic",4000,73000,2011,2,"Diesel","MPV","1.5L","Automatic",5,7
"SKODA Fabia",6900,70189,2016,3,"Diesel","Hatchback","1.4L","Manual",5,5
"Ford Mondeo",1195,101000,2010,3,"Diesel","Hatchback","1.8L","Manual",5,5
"SKODA Fabia",3750,115000,2012,2,"Diesel","Hatchback","1.6L","Manual",5,5
"Fiat 500C",3995,87986,2010,NA,"Petrol","Convertible","1.2L","Manual",2,4
"Hyundai i30",3775,66556,2011,NA,"Petrol","Hatchback","1.4L","Manual",5,5
"SEAT Ibiza",3350,65000,2013,4,"Petrol","Hatchback","1.4L","Manual",3,3
"Vauxhall Corsa",10698,22782,2020,NA,"Petrol","Hatchback","1.2L","Manual",5,5
"BMW 1 SERIES",16099,47964,2017,1,"Petrol","Hatchback","1.5L","Automatic",5,5
"BMW 3 Series",2700,105713,2005,6,"Petrol","Convertible","2.0L","Manual",2,4
"Mercedes-Benz E Class",5395,126000,2011,2,"Diesel","Saloon","3.0L","Automatic",4,5
"Nissan Qashqai",15877,24000,2019,1,"Petrol","SUV","1.3L","Manual",5,5
"SEAT Ibiza",1995,137580,2010,3,"Petrol","Hatchback","1.4L","Manual",5,5
"Mercedes-Benz A Class",15900,62402,2019,1,"Petrol","Hatchback","1.3L","Automatic",5,5
"Honda Civic",1795,69000,2004,3,"Diesel","Hatchback","1.7L","Manual",3,5
"BMW 5 Series",2950,139000,2004,NA,"Petrol","Saloon","3.0L","Automatic",4,5
"Dacia Sandero",9999,7083,2021,2,"Petrol","Hatchback","1.0L","Manual",5,5
"Ford Focus",10970,91000,2019,1,"Petrol","Hatchback","1.5L","Manual",5,5
"BMW 3 Series",22600,24098,2018,2,"Diesel","Saloon","3.0L","Automatic",4,5
"Mercedes-Benz C Class",16880,64806,2016,NA,"Diesel","Coupe","2.1L","Automatic",2,4
"Ford Mondeo",1100,138676,2003,NA,"Diesel","Hatchback","2.0L","Manual",5,5
"SEAT Leon",3995,53000,2010,NA,"Diesel","Hatchback","1.9L","Manual",5,5
"Nissan Juke",11000,45462,2019,1,"Petrol","SUV","1.6L","Manual",5,5
"Mercedes-Benz C Class",2495,135000,2007,NA,"Diesel","Estate","2.1L","Automatic",5,5
"Vauxhall Astra",1995,82000,2007,2,"Petrol","Convertible","1.6L","Manual",2,4
"Volkswagen Polo",6995,57978,2013,NA,"Petrol","Hatchback","1.2L","Manual",5,5
"BMW 4 SERIES",15495,71127,2016,NA,"Diesel","Hatchback","2.0L","Automatic",5,5
"Hyundai i20",2950,66300,2010,3,"Petrol","Hatchback","1.4L","Manual",5,5
"Suzuki Swift",5190,60513,2013,NA,"Petrol","Hatchback","1.2L","Manual",3,4
"Volvo S40",2495,123000,2009,2,"Diesel","Saloon","1.6L","Manual",4,5
"Renault Clio",11999,12153,2020,1,"Petrol","Hatchback","1.0L","Manual",5,5
"Volkswagen Golf",3495,82000,2007,NA,"Petrol","Hatchback","1.6L","Manual",5,5
"Ford Fiesta",2495,160741,2013,NA,"Diesel","Hatchback","1.5L","Manual",3,5
"KIA Sportage",10198,50028,2016,NA,"Petrol","SUV","1.6L","Manual",5,5
"Toyota Corolla",2145,57000,2004,5,"Petrol","Hatchback","1.6L","Manual",3,5
"MINI Hatch Cooper",10495,39998,2015,NA,"Petrol","Hatchback","1.5L","Manual",3,4
"Renault Clio",11890,49908,2021,NA,"Petrol","Hatchback","1.0L","Manual",5,5
"Fiat 500",4899,32833,2012,1,"Petrol","Hatchback","1.2L","Manual",3,4
"Vauxhall Corsa",4195,79000,2011,5,"Petrol","Hatchback","1.4L","Automatic",5,5
"BMW 3 Series",5990,50000,2011,NA,"Diesel","Saloon","2.0L","Automatic",4,5
"Volkswagen Polo",5950,77000,2013,5,"Petrol","Hatchback","1.4L","Manual",5,5
"Vauxhall Vectra",2250,52200,2007,NA,"Petrol","Hatchback","1.8L","Manual",5,5
"Peugeot 308 SW",9600,56984,2016,4,"Diesel","Estate","1.6L","Manual",5,5
"Nissan Almera",1395,114987,2004,NA,"Petrol","Hatchback","1.8L","Automatic",5,5
"Ford Focus",798,140599,2008,NA,"Petrol","Hatchback","1.6L","Manual",5,5
"Vauxhall Astra",1990,35000,2004,NA,"Petrol","Hatchback","1.4L","Manual",5,5
"SKODA Fabia",2795,89747,2007,NA,"Diesel","Hatchback","1.4L","Manual",5,5
"Peugeot 308 SW",9600,56984,2016,4,"Diesel","Estate","1.6L","Manual",5,5
"Vauxhall Astra",3375,86327,2011,3,"Diesel","Hatchback","2.0L","Manual",5,5
"Volkswagen Passat",13199,62000,2018,1,"Diesel","Saloon","2.0L","Automatic",4,5
"Ford Fiesta",4480,34000,2010,2,"Diesel","Hatchback","1.6L","Manual",5,5
"Mazda CX-5",4900,127900,2014,3,"Diesel","SUV","2.2L","Automatic",5,5
"Audi A3",12695,57199,2015,NA,"Diesel","Saloon","2.0L","Manual",4,5
"Mercedes-Benz C Class",2995,155000,2009,2,"Diesel","Saloon","2.1L","Automatic",4,5
"Vauxhall Astra",3990,91000,2014,2,"Petrol","Hatchback","1.4L","Manual",5,5
"Renault Grand Scenic",4000,73000,2011,2,"Diesel","MPV","1.5L","Automatic",5,7
"Vauxhall Astra",1495,108257,2007,NA,"Petrol","Hatchback","1.6L","Manual",5,5
"Renault Clio",13499,28688,2022,1,"Petrol","Hatchback","1.0L","Manual",5,5
"Ford Focus Diesel Hatchback",12250,45798,2019,4,"Diesel","Hatchback","1.5L","Manual",5,5
"Ford Focus",3195,89110,2008,NA,"Petrol","Hatchback","1.6L","Automatic",5,5
"Renault Clio",11890,49908,2021,NA,"Petrol","Hatchback","1.0L","Manual",5,5
"DS Automobiles DS 3",6950,53000,2018,NA,"Petrol","Hatchback","1.2L","Manual",3,5
"Ford Focus",4300,81426,2014,6,"Petrol","Hatchback","1.6L","Automatic",5,5
"Ford Fiesta",2995,89999,2011,NA,"Petrol","Hatchback","1.3L","Manual",3,5
"Toyota Aygo",1795,110000,2006,4,"Petrol","Hatchback","1.0L","Manual",5,4
"Volkswagen Golf Plus",3799,81000,2010,2,"Petrol","Hatchback","1.4L","Manual",5,5
"Volkswagen Jetta",7350,39488,2013,2,"Diesel","Saloon","1.6L","Manual",4,5
"Peugeot 306",2695,25240,1997,3,"Petrol","Hatchback","1.4L","Manual",5,5
"Renault Clio",1990,120863,2012,NA,"Petrol","Hatchback","1.1L","Manual",3,5
"Peugeot 3008",15999,48463,2019,1,"Diesel","SUV","1.5L","Manual",5,5
"Renault Megane",2489,129000,2013,4,"Diesel","Hatchback","1.5L","Manual",5,5
"Ford Focus",4950,100000,2012,4,"Petrol","Estate","1.6L","Automatic",5,5
"Mercedes-Benz GLE Class",33900,92000,2019,1,"Diesel","SUV","2.0L","Automatic",5,5
"SKODA Octavia",799,117072,2005,4,"Diesel","Hatchback","1.9L","Manual",5,5
"Mitsubishi Outlander",795,98000,2012,5,"Diesel","SUV","2.2L","Manual",5,7
"Volkswagen Polo",2870,125392,2010,1,"Petrol","Hatchback","1.2L","Manual",3,5
"Toyota Yaris",2995,81224,2006,NA,"Petrol","Hatchback","1.0L","Manual",3,5
"Volkswagen Polo",1895,87100,2005,5,"Petrol","Hatchback","1.2L","Manual",3,5
"BMW 3 Series",2495,94350,2007,4,"Petrol","Saloon","2.0L","Manual",4,5
"Suzuki Ignis",8298,56118,2017,NA,"Petrol","Hatchback","1.2L","Manual",5,4
"Nissan Juke",6399,68000,2014,2,"Diesel","SUV","1.5L","Manual",5,5
"Nissan Qashqai+2",5490,102000,2013,3,"Petrol","SUV","1.6L","Manual",5,7
"Ford Focus",4999,85694,2014,1,"Petrol","Hatchback","1.0L","Manual",5,5
"Toyota Verso",1575,118000,2010,3,"Diesel","MPV","2.0L","Manual",5,7
"Mercedes-Benz C Class",4950,112000,2008,NA,"Petrol","Saloon","3.5L","Automatic",4,5
"Ford Focus",10970,91000,2019,1,"Petrol","Hatchback","1.5L","Manual",5,5
"BMW X5",12000,86000,2010,NA,"Petrol","SUV","4.4L","Automatic",5,5
"Toyota Yaris",1450,95232,2003,2,"Petrol","Hatchback","1.0L","Manual",3,5
"BMW X1",6850,90000,2013,7,"Diesel","SUV","2.0L","Manual",5,5
"Honda Civic",1389,68000,2002,NA,"Petrol","Hatchback","1.4L","Manual",5,5
"Volkswagen Passat",5990,124700,2015,2,"Diesel","Saloon","1.6L","Manual",4,5
"Peugeot 208",3250,106500,2013,2,"Petrol","Hatchback","1.2L","Manual",5,5
"BMW X1",12650,55650,2016,1,"Diesel","SUV","2.0L","Automatic",5,5
"Vauxhall Astra",2995,61038,2007,NA,"Petrol","Hatchback","1.6L","Manual",3,5
"Volkswagen Tiguan",5995,70000,2009,4,"Petrol","SUV","2.0L","Automatic",5,5
"Ford Mondeo",1895,110000,2008,4,"Diesel","Hatchback","1.8L","Manual",5,5
"Land Rover Discovery Sport",23600,41995,2017,NA,"Diesel","SUV","2.0L","Automatic",5,7
"Volkswagen Scirocco",9750,124000,2016,1,"Diesel","Hatchback","2.0L","Manual",3,4
"Toyota Yaris",1295,90924,2002,NA,"Petrol","Hatchback","1.3L","Manual",5,5
"Alfa Romeo Giulietta",4450,49000,2011,NA,"Petrol","Hatchback","1.4L","Manual",5,5
"Vauxhall Astra",1595,152000,2011,4,"Diesel","Estate","1.7L","Manual",5,5
"Nissan Micra",1650,85285,2009,NA,"Petrol","Hatchback","1.2L","Manual",5,5
"Vauxhall Astra",2995,61038,2007,NA,"Petrol","Hatchback","1.6L","Manual",3,5
"SKODA Yeti",7990,112000,2015,2,"Diesel","SUV","2.0L","Manual",5,5
"Ford Fiesta",2490,42800,2007,NA,"Petrol","Hatchback","1.2L","Manual",3,5
"Vauxhall Corsa",10698,22782,2020,NA,"Petrol","Hatchback","1.2L","Manual",5,5
"Peugeot 407",2150,99000,2006,NA,"Diesel","Coupe","2.7L","Automatic",2,4
"Mercedes-Benz A Class",9250,79500,2015,2,"Diesel","Hatchback","1.5L","Automatic",5,5
"Peugeot 308",9149,55301,2016,NA,"Diesel","Hatchback","1.6L","Manual",5,5
"Volvo S80",4495,72000,2006,3,"Petrol","Saloon","2.5L","Automatic",4,5
"Suzuki Alto",2495,83000,2014,1,"Petrol","Hatchback","1.0L","Manual",5,4
"Mercedes-Benz C Class",15995,87000,2017,NA,"Diesel","Convertible","2.1L","Automatic",2,4
"BMW 4 Series",11495,120000,2016,NA,"Diesel","Coupe","2.0L","Automatic",2,4
"Renault Clio",1990,120863,2012,NA,"Petrol","Hatchback","1.1L","Manual",3,5
"Vauxhall Adam",6695,27228,2013,1,"Petrol","Hatchback","1.4L","Manual",3,4
"BMW 2 Series",13444,78000,2014,NA,"Diesel","Coupe","2.0L","Automatic",2,4
"Honda Civic",9198,78691,2018,NA,"Diesel","Hatchback","1.6L","Manual",5,5
"SKODA Rapid",2495,134000,2012,8,"Diesel","Hatchback","1.6L","Manual",5,5
"KIA Picanto",3990,26500,2009,3,"Petrol","Hatchback","1.1L","Automatic",5,4
"Mazda MX-5",11399,41534,2015,1,"Petrol","Convertible","1.5L","Manual",2,2
"Mercedes-Benz C Class",6495,122000,2015,5,"Diesel","Coupe","2.1L","Automatic",2,4
"Volvo V70",795,274100,2004,6,"Petrol","Estate","2.4L","Automatic",5,5
"Abarth 595",11699,42237,2018,NA,"Petrol","Hatchback","1.4L","Manual",3,4
"Jaguar XF",6990,70000,2011,NA,"Diesel","Saloon","2.2L","Automatic",4,5
"Vauxhall Grandland X",13499,20114,2019,1,"Petrol","SUV","1.2L","Manual",5,5
"Toyota Corolla",13990,42817,2019,1,"Petrol Hybrid","Hatchback","1.8L","Automatic",5,5
"KIA Sportage",10198,50028,2016,NA,"Petrol","SUV","1.6L","Manual",5,5
"SKODA Fabia",999,85010,2001,3,"Petrol","Hatchback","1.4L","Manual",5,5
"Honda Civic",9198,78691,2018,NA,"Diesel","Hatchback","1.6L","Manual",5,5
"Vauxhall Astra",2995,61038,2007,NA,"Petrol","Hatchback","1.6L","Manual",3,5
"SEAT Ibiza",2799,99061,2011,NA,"Petrol","Hatchback","1.2L","Manual",3,5
"Nissan Qashqai",12299,68273,2017,3,"Diesel","SUV","1.6L","Manual",5,5
"SEAT Leon",10995,76000,2017,NA,"Diesel","Hatchback","2.0L","Manual",5,NA
"Vauxhall Corsa",1795,63796,2008,NA,"Petrol","Hatchback","1.2L","Manual",3,5
"Audi A4 Avant",5995,105000,2010,3,"Diesel","Estate","3.0L","Automatic",5,5
"Vauxhall Astra",2300,64000,2010,6,"Petrol","Hatchback","1.4L","Manual",5,5
"Renault Clio",11890,49908,2021,NA,"Petrol","Hatchback","1.0L","Manual",5,5
"BMW 3 Series",3995,139000,2013,NA,"Diesel","Saloon","2.0L","Manual",4,5
"Vauxhall Corsa",1999,122000,2009,3,"Petrol","Hatchback","1.4L","Automatic",5,5
"SEAT Leon",3000,126000,2014,7,"Diesel","Hatchback","1.6L","Manual",5,5
"MINI Hatch",3995,59000,2010,NA,"Petrol","Hatchback","1.6L","Manual",3,4
"Toyota Yaris",13000,51179,2019,1,"Petrol Hybrid","Hatchback","1.5L","Automatic",5,5
"Renault Megane Hatch",14577,34453,2020,1,"Diesel","Hatchback","1.5L","Automatic",5,5
"Fiat Punto EVO",2495,81858,2011,4,"Petrol","Hatchback","1.4L","Manual",5,5
"KIA Sportage",10198,50028,2016,NA,"Petrol","SUV","1.6L","Manual",5,5
"MINI Hatch",999,95942,2009,7,"Petrol","Hatchback","1.4L","Manual",3,4
"Vauxhall Insignia",6995,64387,2016,2,"Diesel","Hatchback","2.0L","Manual",5,5
"Volkswagen Polo",6250,72000,2014,NA,"Petrol","Hatchback","1.2L","Manual",5,5
"Hyundai Ioniq",15399,44434,2021,1,"Petrol Hybrid","Hatchback","1.6L","Automatic",5,5
"Vauxhall Corsa",10698,22782,2020,NA,"Petrol","Hatchback","1.2L","Manual",5,5
"Hyundai ix35",5490,59858,2012,2,"Diesel","SUV","1.7L","Manual",5,5
"Peugeot 207",1250,110000,2007,4,"Petrol","Hatchback","1.4L","Manual",5,5
"Nissan Note",1993,94200,2009,3,"Petrol","Hatchback","1.4L","Manual",5,5
"Ford Focus",1499,113187,2008,2,"Petrol","Hatchback","1.6L","Manual",5,5
"Honda Civic",1750,110000,2002,NA,"Petrol","Hatchback","1.4L","Manual",5,5
"Suzuki Swift",1450,109000,2006,NA,"Petrol","Hatchback","1.3L","Manual",5,5
"Mercedes-Benz A Class",13995,106000,2019,2,"Petrol","Hatchback","1.3L","Manual",5,5
"Land Rover Freelander 2",7295,102465,2012,1,"Diesel","SUV","2.2L","Automatic",5,5
"Nissan Qashqai+2",1895,129100,2013,6,"Diesel","SUV","1.5L","Manual",5,7
"Ford Focus",10970,91000,2019,1,"Petrol","Hatchback","1.5L","Manual",5,5
"Citroen Berlingo",1495,92700,2004,NA,"Diesel","MPV","2.0L","Manual",5,5
"Fiat 500",5900,45000,2016,2,"Petrol","Hatchback","1.2L","Manual",3,4
"BMW 3 Series",19800,69690,2019,1,"Petrol Plug-in Hybrid","Saloon","2.0L","Automatic",4,5
"Volkswagen Polo",3495,127000,2015,NA,"Petrol","Hatchback","1.0L","Manual",3,5
"SKODA Fabia",2500,104000,2013,4,"Diesel","Estate","1.6L","Manual",5,5
"Peugeot 308",9149,55301,2016,NA,"Diesel","Hatchback","1.6L","Manual",5,5
"Vauxhall Corsa",1995,92741,2009,NA,"Petrol","Hatchback","1.4L","Manual",5,5
"Volkswagen Polo",1895,87100,2005,5,"Petrol","Hatchback","1.2L","Manual",3,5
"Vauxhall Adam",4990,67000,2014,NA,"Petrol","Hatchback","1.4L","Manual",3,4
"BMW X5",3889,65000,2004,NA,"Petrol","SUV","3.0L","Automatic",5,5
"MINI Hatch",3490,129000,2011,6,"Diesel","Hatchback","2.0L","Automatic",3,4
"Vauxhall Insignia",2490,164400,2014,4,"Diesel","Estate","2.0L","Manual",5,5
"Vauxhall Adam",4990,67000,2014,NA,"Petrol","Hatchback","1.4L","Manual",3,4
